MC_id,success,message,final_storage,total_runoff,total_AET,theta_top_final,theta_bottom_final,layer1_thetas,layer1_thetar,layer1_alpha,layer1_N,layer1_Ksat,layer2_thetas,layer2_thetar,layer2_alpha,layer2_N,layer2_Ksat,layer3_thetas,layer3_thetar,layer3_alpha,layer3_N,layer3_Ksat,layer4_thetas,layer4_thetar,layer4_alpha,layer4_N,layer4_Ksat,layer5_thetas,layer5_thetar,layer5_alpha,layer5_N,layer5_Ksat,layer6_thetas,layer6_thetar,layer6_alpha,layer6_N,layer6_Ksat,layer7_thetas,layer7_thetar,layer7_alpha,layer7_N,layer7_Ksat,layer8_thetas,layer8_thetar,layer8_alpha,layer8_N,layer8_Ksat
0,True,The solver successfully reached the end of the integration interval.,848.4061344923331,2809.67711272622,0.7804324290266195,0.42651480243192413,0.42725485804101604,0.4266896204290336,0.11907825608180277,0.5654117548903006,1.3622431384723581,0.11789929401637764,0.42108260987626167,0.10884376383880552,0.6902356431661558,1.2664482081362125,0.11755929125505488,0.41359451621640403,0.10716559440467559,0.6823423913174457,1.3754970807755504,0.11795570520210714,0.4176954300301977,0.09906142347427116,0.5159432558298686,1.4533404862163621,0.2180892247990643,0.4279745204350904,0.12049902050442729,0.4917206015785545,1.4658280779991646,0.13017158939604648,0.41735976384964646,0.09895537714503327,0.7118001198453603,1.3621215031066707,0.05100179084599375,0.42613290968317613,0.09290262573724711,0.523185775922801,1.416025546948439,0.022962829189978034,0.42725485804101604,0.09895084398117839,0.5272541870751634,1.3687203132874057,0.013993583971487977
1,True,The solver successfully reached the end of the integration interval.,839.3156084286562,3032.112594524884,0.5498639095998877,0.42457511215502586,0.4197631340250909,0.4246882596273688,0.12130959638834257,0.8538816880367218,1.3580011746989338,0.1179243929852808,0.42679833389614935,0.1186159919760294,0.6574962896641892,1.3816976649717345,0.1177948778150427,0.4155539118041273,0.11958898120173328,0.5583597525130859,1.361306073731331,0.11806477500051583,0.40949901597254945,0.11336782419311445,0.7280904830299043,1.400747835095627,0.21882480338849003,0.4258569067647029,0.10698767003204923,0.5479939844307032,1.4492345644809617,0.12980140526792902,0.41179329384671304,0.0996999221485737,0.8159205562892263,1.4229712461628914,0.05094379835767536,0.4251175120460511,0.08521345345029424,0.4363576432853178,1.3694151479150396,0.023091576146389504,0.4197631340250909,0.11284226035248773,0.6423952040324311,1.4155929720620117,0.013973866449932397
2,True,The solver successfully reached the end of the integration interval.,858.8264501055232,2865.4444281026827,0.7425496376654528,0.4397949669232843,0.44346856344406027,0.4399712464110712,0.10401086521597729,0.6111717028281495,1.331597333667773,0.11736692768872467,0.41677375654743476,0.10660185903180286,0.9814965181767223,1.3761138131716588,0.11812167822769791,0.4076319767292617,0.10185058814819539,0.6487936101344584,1.3828239457981808,0.11834820629302374,0.4134998426920249,0.11132487423108238,0.552632678796066,1.3659781986862374,0.21901695611958596,0.4198521319010959,0.10823835164613095,0.3864220519108183,1.3902279018717891,0.1304709709087353,0.4166239963310455,0.08831383070643473,0.553686724412691,1.3791354056723932,0.051031682042569304,0.42071516130475695,0.1142617441605253,0.724493157069262,1.3489946128301453,0.022898354167363185,0.44346856344406027,0.10105031537871588,0.6138294465607607,1.4314810868313186,0.013995666210095282
3,True,The solver successfully reached the end of the integration interval.,852.6521302327018,2851.786770248794,0.7559107428992011,0.4346359450537183,0.4299871522074346,0.4348099045593971,0.11452757160581037,0.6475382969289375,1.4344342780039587,0.11826841852116733,0.4419961445100644,0.1050344626896713,0.6880234861534612,1.3826902360838849,0.11844349682850694,0.4073135342587397,0.10994050351318155,0.8040182887199906,1.3314678881158208,0.1184014585508761,0.41325787896282806,0.0963420303718907,0.5140020609070397,1.3694990900653714,0.2191295674685754,0.4135893641610829,0.11457716740036275,0.6575755343582181,1.3721381607175887,0.13010076100616094,0.4305387099962605,0.11421468567919536,0.7809225871455933,1.387584727581906,0.0509351842812492,0.41758345897170923,0.1153027183137639,0.5552979108104923,1.326944936276331,0.022898643471288258,0.4299871522074346,0.10607367970167547,0.6894762350548149,1.3640941715894876,0.014001766403675023
4,True,The solver successfully reached the end of the integration interval.,861.6869962666394,3032.0986144655167,0.5832187417855892,0.4458946924849711,0.43609179315596436,0.44602731739309814,0.11050573956789163,0.8332908604343288,1.3750974562049494,0.11813919379307712,0.4338734877490258,0.10744002322892149,0.7634400610984798,1.3826938775272386,0.11810385332468064,0.41664753811752814,0.10653517726128905,0.7055848689539419,1.3710236875650392,0.11829433508278896,0.4341324720901997,0.10285619674530808,0.6816112491449053,1.3987718959397881,0.21826777655593857,0.40683260551373146,0.11237000662029419,0.5129734824854593,1.3939159767255682,0.1302529545944796,0.42058887011190693,0.11022318543688753,0.5326490826614508,1.3333541462984322,0.050990784836652765,0.4301574947016254,0.09996301636393583,0.7362332893155021,1.3432097566411791,0.02300869119611647,0.43609179315596436,0.0980119588529193,0.5344843236831778,1.379660264184626,0.014010875427966585
5,True,The solver successfully reached the end of the integration interval.,841.6530946990908,3088.806256251999,0.5151914733963838,0.432198597326663,0.4127735081946896,0.4323098787265001,0.1003986604604595,0.9533288355822077,1.3968816176341916,0.1180503283576581,0.4325743921373085,0.12526049037960338,0.7435011734276482,1.3663365396851972,0.11801015466803731,0.4212843391992772,0.10282871106809297,0.7116761937806005,1.3778840333711175,0.11823838834391404,0.419498459850442,0.10369820046266173,0.5700742157830319,1.3968477233525123,0.2191537311799581,0.4340543565850561,0.09317909666359396,0.637693837055529,1.4214710699406363,0.1297126236924275,0.42545412032716295,0.10435981571677366,0.5990647351416243,1.2957439008989735,0.051009930969572244,0.42209743509683,0.10412465478675231,0.4964155421848559,1.425484173729317,0.02298888455701507,0.4127735081946896,0.11777421264848738,0.814431445199223,1.3825261581033665,0.01406252999177421
6,True,The solver successfully reached the end of the integration interval.,851.5329210179193,2981.4236632915963,0.6616507394090106,0.4279577494599202,0.4269103501528329,0.4280449508447181,0.11440115953848003,0.9762183010689846,1.3246015717960524,0.11835514479807617,0.4327323142127319,0.09799554712834958,0.5244419354821381,1.3779438817525194,0.11830667115939106,0.42223755579905514,0.10785927520403471,0.7031651533180022,1.3868771288402426,0.11775364028644239,0.4242263780475813,0.1005708513640402,0.6801567699953119,1.4587483041672893,0.21863768276332374,0.42533392216373006,0.11624109024426535,0.683828335611117,1.4088491173776274,0.1303785291688493,0.42819365506979756,0.10364703777270116,0.7905751942069349,1.3749004181066902,0.05082224263623375,0.4179388191870842,0.106605653895551,0.7575086645665258,1.3626224553593669,0.022976694719530188,0.4269103501528329,0.10804651915464478,0.7774760024966113,1.3998129900789424,0.01403477366901021
7,True,The solver successfully reached the end of the integration interval.,841.0711558477457,2840.6561782829986,0.7677528806775169,0.42801254501623964,0.4280605175546804,0.4281987518852927,0.10648854182684965,0.5751965391972753,1.4068629494384126,0.11822006795185849,0.425477693302505,0.1079171283614262,0.732971275312092,1.3825598201884042,0.11798578005020993,0.4168840024735309,0.12450203375233823,0.5687846722290393,1.3527005166218267,0.11796592216750808,0.43132991383677555,0.1109819981825111,0.4659438802847462,1.3999744936421226,0.21901038925617922,0.4179877801259167,0.11653106107032696,0.5649922581505681,1.4103572327273426,0.12971598824667174,0.40615036338758653,0.10281022266995654,0.4942863235340961,1.3524728340227006,0.050914740414901315,0.40523274974598444,0.11590854039276524,0.6551922529901314,1.3131596179985798,0.023009063423427872,0.4280605175546804,0.09316631743540711,0.42462776595194984,1.4120337590762542,0.014022981471365142
8,True,The solver successfully reached the end of the integration interval.,846.4758416555246,3036.964955698699,0.5691862219427208,0.4241247171965225,0.4251706359972212,0.42429254346109074,0.10496426547651044,0.629974045011952,1.3677179305006875,0.11810082400563948,0.45255186192063457,0.10113721260205702,0.8629008841022372,1.3894907434683414,0.11829976370181983,0.4225918278842393,0.1135731718426134,0.6284729808963181,1.4547997380460946,0.11835637662844203,0.4262897076086118,0.10004147614024847,0.619132998778039,1.3691609244420442,0.2186240173724191,0.4181333992116025,0.11638955055415523,0.5637158952557759,1.3148057567989362,0.1300650457846121,0.40589261225544476,0.0800264691450653,0.7043308479460894,1.3862788950640392,0.051071454012367574,0.4240634132300227,0.11164418315102724,0.43623134919779527,1.4384248044545633,0.02293398319839119,0.4251706359972212,0.11261187587460211,0.752654570224388,1.3617885343938516,0.014011679186656453
9,True,The solver successfully reached the end of the integration interval.,857.9381912074663,2920.7304755622927,0.6817953083596004,0.4365308606881968,0.44438488824495204,0.4366968390344228,0.11223282373836582,0.6472220449606209,1.36246562652433,0.11866038543103792,0.43165139234299565,0.10404189479766908,0.6672927954004422,1.3585553616059587,0.1183808095695153,0.41443202104988663,0.10710104893307806,0.7157740873697493,1.4159677974147342,0.11800748251774724,0.419338364661289,0.11007975739544308,0.6623051944203637,1.3885316622017303,0.2175655251702041,0.4045627504767123,0.09813962267290022,0.5520169087950274,1.4121548176098753,0.13020943849261266,0.41527315343615323,0.09320096956706263,0.7349751692396754,1.4106031444668803,0.05114885508774238,0.41535241782354215,0.11039904247087522,0.5122309508292524,1.3998439541093521,0.022910802091207036,0.44438488824495204,0.12809352602400442,0.5618173163719893,1.371003032331501,0.014030369542439067
10,True,The solver successfully reached the end of the integration interval.,852.2585611613966,2941.4127433505537,0.6459920542456368,0.43919756229542634,0.42457237664514347,0.43933982438798325,0.09479164719042694,0.7987400488182613,1.3668699896733754,0.11788297639644338,0.4383564588331793,0.10049696115573808,0.6640430704044942,1.2997397907010357,0.11788887633257975,0.4334994875697137,0.10673382737567742,0.7618902862295254,1.3554607789303401,0.11834248286446908,0.4331665669901038,0.11253707257522114,0.5781881295499337,1.3265213510200091,0.21880626044504642,0.4182181921050787,0.113225391162957,0.775885352504247,1.3567801595813982,0.1302176824425249,0.421423491643396,0.11088740845515767,0.7166572468816544,1.4549497660403756,0.050998472026371644,0.4228964333463276,0.10995028598366291,0.741867053219121,1.4310635802357439,0.023005147169716668,0.42457237664514347,0.10951105658470021,0.5372035766051997,1.4086355644043955,0.013986500908222172
11,False,Required step size is less than spacing between numbers.,837.9122456540235,440.8414135350188,0.07186422857604026,0.427279091011016,0.4177564628695534,0.4316134801224148,0.11718782785374257,0.6619537792632157,1.3283353243243339,0.11769089796974075,0.4326768093935311,0.11402590096097656,0.567465653744535,1.3196433104416923,0.11776858008611411,0.4255443313001299,0.08462986070377186,0.646198012212007,1.3731871064986845,0.11777603511048382,0.426293158401213,0.1211100190931183,0.5984929214243793,1.394385970287779,0.2191941776456692,0.42120625077341245,0.10338609951011105,0.5595243311336323,1.4351467953641892,0.13025268427302367,0.4139496579766745,0.10534215246762077,0.9081678958313056,1.4697201220721,0.05105013179899963,0.41241358971912245,0.09826784822220208,0.5338314925153864,1.4364298602241672,0.022969646345474538,0.4177564628695534,0.10972661946709854,0.5590739893124933,1.3429729215880737,0.013987562958040635
12,True,The solver successfully reached the end of the integration interval.,841.4204915245133,2805.698095207349,0.762145175129373,0.4508701691706252,0.4221114747519667,0.4510763437710642,0.10001545099333344,0.5190166367556107,1.3174032631535049,0.11832710825836815,0.4366867896718277,0.11556378301472392,0.7262043250242999,1.3882598809317332,0.1179065218683295,0.4354310885056054,0.11560830955504592,0.7133922694586956,1.319265287780842,0.11792952458140317,0.42265814663547735,0.09489350380548348,0.42997932837400243,1.3619911974082048,0.2191854342349634,0.40744795359190256,0.10184879650292475,0.6398489704283197,1.3635821872602136,0.1298309266750572,0.39819980398357935,0.10465839732188612,0.8545395390996259,1.339790511590742,0.050863272030605026,0.42212377232238174,0.10958562750963756,0.5387494947361298,1.434163871991923,0.023092946892486928,0.4221114747519667,0.11099183859833824,0.5277268214713496,1.3884103366684164,0.014034919503695835
13,True,The solver successfully reached the end of the integration interval.,834.4617268123565,3045.4814770703388,0.5666084786441674,0.4326965162238809,0.41415925632280354,0.43284401910577797,0.11527560365456167,0.7177322516034189,1.3638059195369507,0.11815252307251049,0.4408963080345467,0.10391767183225095,0.6474515347616701,1.3663149272435733,0.11765360930717193,0.42386117120661293,0.10769685458765693,0.503636964801322,1.4608412861522253,0.1180165792805513,0.43962242865254475,0.11769180449751578,0.6293290787886757,1.3907617181912528,0.2183797765531429,0.4188813078690641,0.1135768469936052,0.5929273182434914,1.3394080537643265,0.1298640511915788,0.4010399392966019,0.1140681024786063,0.5637181361697807,1.3790966438600498,0.05094994534170547,0.4112738394982508,0.09777521054607381,0.5600460843103854,1.3635726559821972,0.02306518278392628,0.41415925632280354,0.10089183854217089,0.6421716667803052,1.3976632792614827,0.014016130620434088
14,True,The solver successfully reached the end of the integration interval.,855.8336552755292,2976.7130780106554,0.6179255418554467,0.41764453020962566,0.4406638514637105,0.41778661778464743,0.11461396256336645,0.7471596494551996,1.4111080593478782,0.11805822758034426,0.4314823358993726,0.11238456740352198,0.6609048113412919,1.4614139429892843,0.11811446577397444,0.4313776923738341,0.1128276500453631,0.5549827014944381,1.4010580284428367,0.11845515840260154,0.41851506749793405,0.10810978329675197,0.7951139822284335,1.3752687370196035,0.2188485434467296,0.43304598446520964,0.10124245339615884,0.6953819625733013,1.3944815498031935,0.12986799228054485,0.4055359566993935,0.09440490235097607,0.6607277344002771,1.3829344948835411,0.05098769903316128,0.42177555242904685,0.11298462987065859,0.5573135648715888,1.3507406093257133,0.023025644244286516,0.4406638514637105,0.10749981309880649,0.5979918115296605,1.3740518849873515,0.013965526293243465
15,True,The solver successfully reached the end of the integration interval.,855.0460787937857,3053.5615483955057,0.559343527155785,0.43342304749473587,0.43867609758068327,0.4335923018975839,0.10713210252542578,0.6217635879430087,1.335114291139545,0.11781078678607507,0.40830386696204735,0.10494421089535064,0.8685993629237967,1.3636748912376586,0.11803812984245628,0.4301061286455867,0.10888751103434492,0.5869764722666719,1.3783105952727153,0.11801592568845817,0.4313276569142982,0.11076307744580222,0.6341409532513568,1.3811634307754388,0.2184755838299189,0.40780677608519844,0.12230096899421372,0.5889279819862576,1.31333038522627,0.12989190130786044,0.4088473233118745,0.10271975906822228,0.9422412030100216,1.4309998893934965,0.05128740853166823,0.4281512787286265,0.10347065193906985,0.6335466136316049,1.363625344293296,0.022928003774160086,0.43867609758068327,0.10665183202395208,0.5494027559730361,1.3638407124423848,0.014044614369471733
16,True,The solver successfully reached the end of the integration interval.,835.6171822022026,3028.6536687693397,0.5717067498405687,0.4252611590521225,0.4193406065196254,0.4253968571568518,0.11491142349209979,0.7693418625272358,1.376996306983899,0.11808787659803376,0.4077972365922565,0.10180552039112578,0.5924588599635946,1.362260217131972,0.11837064943423742,0.43721989044790077,0.11329375853242958,0.5434749738302999,1.4062288414817576,0.11763514873869566,0.42349106592511226,0.1115120884274617,0.874272767626117,1.4303472097122982,0.21923151243267,0.42016708968586125,0.11070086787081466,0.5137947944500166,1.343809122454001,0.13061991113498056,0.41281525850611306,0.12128238194464502,0.736228026502134,1.3896906949800711,0.050977172697386886,0.41246948760593033,0.12691525815761695,0.8200279615504754,1.3785467830521523,0.023000739323464862,0.4193406065196254,0.1017824277627052,0.6913555795361989,1.3078941300957179,0.013949913403385035
17,True,The solver successfully reached the end of the integration interval.,840.72389885337,3061.458475827714,0.5638471113326452,0.4304581240159618,0.41436777434099237,0.43061066417783944,0.1185971771371287,0.6729718897112968,1.350611366152792,0.11790048980658518,0.4261793711707921,0.09778539274783461,0.6723615204508769,1.3222442074193557,0.11797081544370806,0.4304762286306052,0.1108629938151674,0.6150588310395628,1.4022640653898244,0.11766618004303407,0.41641026938239056,0.09791903965977654,0.6040559100579349,1.4542027839439784,0.21811540566173193,0.4198410823082931,0.10951124480312854,0.5576369605071143,1.385401742609929,0.1297000952208058,0.40701714959054036,0.09735358082432569,0.7459865426536596,1.394234213524236,0.051077334361982835,0.4435937467056427,0.11567675881014061,0.6249429402634284,1.395582973939623,0.023019225974832146,0.41436777434099237,0.10724056224316078,0.5295435983424859,1.4002798277983686,0.014016926498527104
18,True,The solver successfully reached the end of the integration interval.,834.5491420615261,2881.418156437212,0.7162215456028553,0.41467748249585273,0.40800447081479835,0.4148615294827319,0.10472943274571622,0.5319021241545309,1.3662774671284377,0.11789122248837845,0.43964670398720823,0.11039048999758908,0.7538679074211756,1.3928374443880533,0.11820053952579145,0.4310322537912215,0.10588237722335808,0.6435430605731333,1.3761031510067987,0.1182083406866317,0.4259145906839976,0.11596174097904827,0.8525768703609989,1.4063968201128216,0.21912097464119717,0.4182710702923421,0.10138880458416274,0.5009436414788593,1.4515606831524164,0.12969856239181743,0.41074406361021665,0.10275774112757084,0.7561813999727565,1.3896109515669426,0.0509026890545787,0.43380775741764116,0.10278213528795799,0.547626098891584,1.4365775365482008,0.02296332841550535,0.40800447081479835,0.10271258040617667,0.6051642846629817,1.4879013505305176,0.014056874040078953
19,True,The solver successfully reached the end of the integration interval.,849.5820635867647,3002.3389740764865,0.6059487562346473,0.41643061224285727,0.4342428536902407,0.41658267120198506,0.11185541816856401,0.7111431308365781,1.4263468154603136,0.117966613515934,0.41137462136833175,0.11689129012807019,0.661489141818192,1.363367400010517,0.1182127532381779,0.4238234640336385,0.0990035751665354,0.7102490854517274,1.4481627990175918,0.11815609402672977,0.41331803544325996,0.10169126099971947,0.6888734925312058,1.3283158463603022,0.21922395139914616,0.4038777216413606,0.11742775280052169,0.8596228541140918,1.4073725806037065,0.1302946571184198,0.4142598938022412,0.10212405062163472,0.8519824412348224,1.3418158563206606,0.05091890610485171,0.43533206626182064,0.11110418769398983,0.8774414767117187,1.3709687279086813,0.02301581875012479,0.4342428536902407,0.10881703601447477,0.5854513450412684,1.3654340878603506,0.014036924149238128
20,True,The solver successfully reached the end of the integration interval.,850.2199428500402,2896.172684878112,0.694745327653718,0.42127174909916476,0.4262927388148278,0.4214617884448974,0.10333510838996117,0.5325713838090382,1.3786845562227885,0.11823152052241857,0.42762687479120703,0.11884932754327085,0.46785980420864126,1.3344414867836443,0.11833259290608536,0.4282131704034403,0.10888510506451334,0.6853160552910418,1.3987232966621683,0.1180186782033903,0.41103130118441705,0.10070903222291226,0.6907000921369257,1.411051962926924,0.21789534040711234,0.4284727842836395,0.09362942817931115,0.5770101346118861,1.404003924915866,0.13005533724673998,0.4249199261171317,0.10736854669254106,0.7573140908041563,1.3890058743596583,0.05095314408323689,0.42838038650981136,0.09562560552593502,0.7673933139184779,1.3725365313413245,0.023000628887095437,0.4262927388148278,0.09812056457536789,0.5057291766770876,1.3732448738696441,0.013950258242396091
21,True,The solver successfully reached the end of the integration interval.,848.632315122838,3004.9397316602485,0.600340609759594,0.4234339004508778,0.42164076453213406,0.4235973340704561,0.11997079923021639,0.6198706792914582,1.381686917768634,0.11797834511526496,0.433378398934768,0.1281364454917915,0.7787390547945575,1.3643247183846006,0.11788130825455553,0.4070691944386226,0.10625256851358535,0.6646933418712992,1.3368889776400514,0.11819743087917688,0.42540710417892413,0.10675827960866634,0.6987518532576853,1.3617299585470903,0.21937793865785388,0.43068537503073184,0.10874852318354913,0.7630482219938912,1.3820228636067866,0.13024467428567077,0.41589797977457654,0.10296244511503255,0.6304229344501426,1.4504492276743144,0.05131852977443329,0.43533562214879756,0.09694545916056364,0.5708583530930831,1.3789239006379566,0.023042024603959925,0.42164076453213406,0.10325893501802094,0.67173917007257,1.3907938003172808,0.013973309387274748
22,True,The solver successfully reached the end of the integration interval.,838.4744100228917,2957.418389572439,0.6345389337691667,0.4299490699126943,0.42293894746058486,0.430117426723546,0.12267452858567651,0.6124153075250357,1.39192368541384,0.11794485440300098,0.4297353287828293,0.10792017703467867,0.6043224425949447,1.33338414418233,0.11853276492096035,0.4356624751372195,0.10714306906440049,0.5989696148076629,1.3844956773823491,0.11861257252810922,0.4338054767219794,0.09905660477261526,0.6261515512661455,1.3291279611830287,0.21818552544016645,0.42530522869975484,0.10621708602911757,0.6105111514528466,1.3567587529768204,0.12972873126687345,0.3987334172976535,0.09908622018821098,0.8000586341469819,1.4272785359809905,0.05084843626303143,0.4078126916904651,0.1210074469940742,0.35082800433811845,1.3989427800718808,0.022918564990081554,0.42293894746058486,0.11516955594338403,0.6064852561513169,1.4663476941818585,0.014032523288863986
23,True,The solver successfully reached the end of the integration interval.,842.5275239580451,2945.597309711694,0.6736466472410254,0.4273174178651925,0.4175335873563355,0.4274981706437359,0.11091992780748133,0.5590760531172794,1.357204302489721,0.11811774901455697,0.4232938366201394,0.10700811579451353,0.5995895105546643,1.3469185735014069,0.11800406097071278,0.41614450235520245,0.09245695578308154,0.603219774656551,1.3950611261106645,0.11775728560287338,0.4348657946456556,0.09908058990865973,0.6302528794258205,1.360532761306086,0.21932043666072062,0.42244056133775193,0.10532152259010644,0.4253086350709477,1.3438430853030425,0.1299524847524173,0.40607644805075876,0.09736754067311834,0.6952449333594029,1.3700457334723501,0.05088897398329285,0.4355678153466116,0.11803052294879572,0.6360710482331402,1.3938796435193666,0.023005729682689595,0.4175335873563355,0.1038405881818056,0.46353618207274844,1.4756002577107932,0.013998407831812078
24,True,The solver successfully reached the end of the integration interval.,846.1273214548079,2822.2149479016093,0.7669568858821371,0.4265079706988561,0.42383126667928284,0.4267050188558198,0.11008794722159286,0.48860037887569596,1.359910320469381,0.11787462140847889,0.4197618227813482,0.10965552659978943,0.9124151541109873,1.349037181252148,0.11835189602253847,0.43726580208635807,0.11166369335017694,1.0598393360382694,1.3683109548475383,0.11771731450261003,0.41329739661501663,0.10198177917225368,0.5329428515206647,1.3302945559869317,0.21920321316790697,0.43013256087377305,0.09944001976497419,0.571771052532231,1.294553062627535,0.13008361743196872,0.4178071266056008,0.09548661937799671,0.6513934378492897,1.3347541158584806,0.05102030570595325,0.4259251732785367,0.1036992390154899,0.6424798390252298,1.3992947571746435,0.022955839811744712,0.42383126667928284,0.09985248747242784,0.7174017061606295,1.3986632230024514,0.014002133780355754
25,True,The solver successfully reached the end of the integration interval.,841.1077168006318,3018.844136153263,0.5646882080110784,0.43051577511514183,0.41553273228764437,0.43060131644969984,0.12176106701074338,0.9775255371932849,1.3241571987243774,0.11803127136171213,0.4407687945375864,0.12377593229788453,0.698389447450183,1.3688223478342574,0.11773123633240991,0.41440401580120434,0.09677945985067357,0.6476612862322236,1.4321548597894291,0.11778885573111349,0.42351677153327677,0.10882009671140079,0.6936258303277872,1.3902521172357403,0.21888388224704272,0.42338192083893805,0.11263686772169552,0.6995889723931665,1.377217466124695,0.13049754350200532,0.42327256965743953,0.09926619853823763,0.7906241894576267,1.4181445261896963,0.05093680650719518,0.41637572752561397,0.1067789240705202,0.5889895299338995,1.411714149644457,0.02295866626134846,0.41553273228764437,0.11291464240593574,0.4960155944730874,1.5082598720086762,0.013965656872821147
26,True,The solver successfully reached the end of the integration interval.,838.3677872453462,2867.779265408238,0.7321730985147269,0.4166789505721147,0.4155681090893135,0.4168323169390162,0.11369604995165575,0.6371551854560241,1.3307238366779197,0.11800745930448361,0.44740154671906596,0.1135147646172339,0.695903416139814,1.3480629067504741,0.1180911808391885,0.4176763830646071,0.1122196442085941,0.6295311355949702,1.4172980285075725,0.11849849070729643,0.41814454999735023,0.11598424778438672,0.5996224419558888,1.411434230075821,0.21851356496566068,0.4307238993816113,0.11230365673182613,0.657934389923576,1.4447896648696263,0.13006836651519152,0.41119810669095685,0.10235202156581151,0.6280981346333565,1.435260205550683,0.05093247522293273,0.42200232026869633,0.12134305378920113,0.4787852292129697,1.3480616669589642,0.022938371455338676,0.4155681090893135,0.10053097215244046,0.6097811791751965,1.3579109309693786,0.013990352423713574
27,True,The solver successfully reached the end of the integration interval.,840.2732713749983,2926.6150243490874,0.670944213942225,0.41957635361073997,0.4190332182852689,0.41974452407227303,0.11558031412308435,0.588382015695787,1.3640912457476442,0.1178311574711654,0.4231230549646703,0.09993343331068139,0.4857334716918059,1.3771770057832822,0.11773454235534764,0.4141158356217401,0.10416076356706679,0.797438118615075,1.4739312477862638,0.11857212083914055,0.40378021823753696,0.10712310327161637,0.7126621113885431,1.389196798281442,0.2196607793728444,0.4237258878872477,0.10480855014987703,0.7170737956891505,1.41491241335224,0.1299506238280032,0.42073951474416654,0.09759335417603338,0.6956756995639894,1.3340353962883376,0.051047181591793465,0.42932704373264796,0.10035076167002391,0.6311894307540801,1.3681788893937077,0.02296230255936091,0.4190332182852689,0.10339713152903876,0.5857640826581295,1.39046622069843,0.014023431292501833
28,True,The solver successfully reached the end of the integration interval.,842.9020092249308,2970.0299806701464,0.6217109510770685,0.42371375722246724,0.426632496565322,0.4238817100293796,0.10385342363712598,0.6249952328422061,1.3574405116219908,0.11797483651531528,0.429534415248685,0.10884400251404945,0.6365878867843814,1.338987763651142,0.11861460977517821,0.4354554806479809,0.08364633837089865,0.6759497833270229,1.3734689562444857,0.11801572931657793,0.4053211748764779,0.11151522623865642,0.5373204295831452,1.3589920173175523,0.2203806108241931,0.4290128643011027,0.1038720736773718,0.7217457395017588,1.3725251569589891,0.13036116082651059,0.4129210941790839,0.10026912938538779,0.8137837447007334,1.3799698553484794,0.05108033953801147,0.4150135511094063,0.10272977259198351,0.6997324284492836,1.3597935879630225,0.023062551559966428,0.426632496565322,0.10561657383448499,0.5647547579310555,1.3627379662430548,0.014097796513400767
29,True,The solver successfully reached the end of the integration interval.,851.0704372527346,2941.1228438214885,0.6543400188483686,0.422031877337442,0.42939342010539727,0.42217885904906294,0.10219859056190594,0.7204769461978607,1.3566895712344187,0.11809513649248979,0.4249926602696987,0.11223946648709009,0.6901899143536558,1.3646488761092894,0.1178894165633174,0.4272891605971984,0.10168957275771362,0.6547037208724695,1.3390380683902046,0.11825442489868436,0.4278788278251171,0.10350698009888167,0.5848953393245848,1.4413809427146407,0.21888845493169623,0.4177179765734186,0.1127907924537239,0.5949503797961694,1.3492287142192214,0.13038074199163577,0.41878830655015903,0.09449300826008411,0.6961571869977631,1.37534265226976,0.050920037057398275,0.42595097914061747,0.10800387344856803,0.6470630469698216,1.4552135457752893,0.02289380184346638,0.42939342010539727,0.10378902449635373,0.5120891669678617,1.389794055011818,0.014031308288795548
30,True,The solver successfully reached the end of the integration interval.,852.1568895325213,2993.1160864897747,0.6046139139892439,0.4275454966006779,0.4317914006858863,0.42774878430118896,0.1025317375670272,0.5194166509477618,1.4297993607952242,0.1177893622681955,0.42625813790313927,0.12077837379547135,0.5929564689319563,1.3119844325023002,0.11823650485981274,0.42865192901422666,0.11463756963482176,0.6393651224699625,1.3072077735683214,0.11815515002994122,0.4382756049057943,0.10923849670059704,0.7009608149689741,1.4009093260133778,0.21905349808184835,0.41932360469571583,0.09680747817109132,0.5829848527165301,1.4019128999995676,0.12974308420835817,0.4028126963872799,0.10647811284048427,0.702062508341076,1.3802308877266973,0.050924939063133993,0.4295773627677233,0.10756094013137764,0.6480958276747628,1.3240091421754585,0.02294523119266251,0.4317914006858863,0.10213389093401383,0.5030278661639501,1.4005443864426403,0.014005348445535646
31,True,The solver successfully reached the end of the integration interval.,840.4175954174194,2819.5025217109414,0.7582529119771542,0.43332466927817054,0.4244529481237198,0.43351201015322854,0.10717588908950326,0.5495248423912439,1.346619096058718,0.11787294177362913,0.424586735759306,0.1047036573625972,0.5276428392261027,1.4051313305673043,0.11809027394513123,0.4014244785820201,0.09921133497880003,0.7832754021896279,1.4207113335083568,0.1173881878794714,0.41882863966122585,0.10191398751934365,0.5555112505577879,1.3639928563716515,0.21926169743161036,0.41395644348496413,0.10684568284326773,0.4246207845436574,1.3991468018520863,0.13005106055111312,0.40324425563406363,0.10026800848430739,0.501107875115764,1.3684411605884885,0.050948538570387294,0.42406717918728026,0.10366200130528969,0.391800252844172,1.403256001968524,0.0229877097382553,0.4244529481237198,0.11113533437726532,0.5561814488161745,1.3601639611532508,0.013978971507661232
32,True,The solver successfully reached the end of the integration interval.,836.0712273566577,2867.294113043231,0.7118392989310042,0.4336110215718555,0.41279283884214174,0.43377796884399644,0.11982710970624808,0.6615784017151196,1.429151664989606,0.11767377206232389,0.41945494168997893,0.09362526767482494,0.7355083556487705,1.3221245990185138,0.118106865674158,0.42382096694504906,0.12362344618761006,0.5465083169836129,1.3946187494620719,0.11762011714075218,0.411720727774528,0.1089488545842937,0.5270617062495003,1.4604251652987081,0.21839630535236287,0.4280796582196544,0.1110059746589648,0.5606776450024579,1.3953124083345356,0.129395678430879,0.416971294107441,0.11267437720836798,0.6034858528338887,1.3430407713748636,0.051020553475312154,0.4230869702757358,0.10236203452022195,0.5999339361227154,1.364363700922318,0.023071013621341552,0.41279283884214174,0.11253501133967864,0.659369583304856,1.4369487755040855,0.013973714057754584
33,True,The solver successfully reached the end of the integration interval.,857.8861409363853,2531.411427861607,1.051038352549979,0.43210535216196677,0.4406440536067085,0.43231402105113614,0.1193865659031357,0.43456095784603277,1.3775614576740671,0.11833492676943737,0.4181899953713921,0.11252876368082332,0.6375139896794231,1.3395624957761065,0.11794729770162532,0.43990373510847236,0.11710199058617447,0.8322962140963412,1.3919182679200217,0.11805739582462749,0.4164710704661403,0.10529966934969258,0.6877852734273527,1.3491228617449569,0.21908408566550622,0.41894288862623247,0.1143367459303903,0.5164483626437874,1.3968596128625568,0.13026016371272417,0.4018411214964058,0.1073767848916485,0.36721072223519474,1.3309480183412608,0.05113810454813045,0.43744432154686785,0.09815393982548215,0.43022175274342955,1.4159075182449994,0.023021431941301237,0.4406440536067085,0.10226429726344671,0.5779331688357728,1.3588176988485428,0.013983595189934533
34,True,The solver successfully reached the end of the integration interval.,844.0364021177644,2952.999455368803,0.6514255437520896,0.4303646996954903,0.415752044877336,0.4305358390868372,0.10562708799131468,0.6210369621261588,1.3553682583406859,0.11790406289791591,0.41813031154196434,0.10632539992548093,0.7579398853730012,1.3701608140124149,0.11793999993122525,0.4181429226023122,0.10065478550070694,0.5648261354127191,1.3707833952082369,0.11816238508707498,0.4369677940019512,0.10322012975228913,0.6141932991686296,1.4562494618721624,0.2200312575118979,0.4321852291738548,0.10467109319647,0.6488214720989113,1.390236579381808,0.1303636592047293,0.4155836457789602,0.08978092078724023,0.7143220829137853,1.307372482090503,0.05114675467848185,0.4305531479469866,0.10055327004790403,0.6842679759987434,1.4072896763369236,0.0229954441596361,0.415752044877336,0.1036397513229597,0.5317079658686388,1.3787295631125425,0.014008066078049268
35,False,Required step size is less than spacing between numbers.,833.9569660519928,2037.966760198057,0.7466944685346736,0.42644863196486216,0.4252636635505824,0.4330849845672288,0.11060724094104082,0.4452560684263163,1.3683676091176264,0.1180587079911733,0.42762723535072295,0.0984305237100597,0.622678335138487,1.3685003115083154,0.11760431322880606,0.42196788514296457,0.108679050353652,0.6123604433823777,1.3777195458451466,0.11725397701533989,0.41507888921073544,0.10208410972441931,0.5820566698663597,1.4237037992893908,0.21881628712059065,0.41750808641368564,0.11768349613289797,0.5417487985094721,1.3480615004052852,0.12986695314014088,0.41256292718426646,0.10293880847355022,0.683944234310871,1.411335712706496,0.05107141249518502,0.42182418014408707,0.10828122372186116,0.65730808906642,1.3611751110156,0.023001156041900277,0.4252636635505824,0.10652905496420986,0.5919251973942508,1.3533405571078627,0.014013615748648818
36,True,The solver successfully reached the end of the integration interval.,839.7071027370506,3025.8860302087255,0.5732960454914707,0.44281868076048186,0.41465124082409033,0.442982660595922,0.11426767890949457,0.6699965708868315,1.3689639907093247,0.11782614657301434,0.43141737983849493,0.11320252896295926,0.995612211386031,1.3720168600764502,0.11809582270181773,0.4218151795720529,0.11066781308118247,0.48283244618128607,1.4460815517233592,0.11801177657978554,0.4261273311982252,0.10679938980612455,0.5370944972187951,1.364973075912455,0.21816894758340294,0.41353063426987213,0.11147421814861835,0.8366199638709014,1.3496607400924228,0.13004927202709646,0.40326441489828824,0.10621302478884372,0.8207130593385363,1.3813218962701164,0.05108887499792034,0.43425046056191324,0.10588868952494278,0.6370027425150538,1.396197044928865,0.02299467077418795,0.41465124082409033,0.11210654828686137,0.5748400537232653,1.434876516930387,0.014039065576925476
37,True,The solver successfully reached the end of the integration interval.,847.4525479430504,2921.1702719708874,0.6919501444001797,0.42156951220252525,0.42145194331210123,0.4217507205891234,0.1208402299987869,0.5349123237349894,1.3963906801037531,0.11791023721254022,0.4302999369734256,0.1086689581673584,0.7693026083204987,1.3536669047644907,0.11790605439457055,0.4260703272795934,0.09088162821282732,0.6030857632956491,1.3669784244655123,0.11811015094722499,0.4449417975894175,0.1110471735025738,0.5633316125644285,1.397767511843074,0.21829281009524265,0.41779019059735295,0.09490723571269179,0.5915147744973485,1.39176881085994,0.12993922742434927,0.4185795878834899,0.08565832866090213,0.781594248307892,1.4278103416092922,0.0510991359178049,0.42438571087093346,0.10352803993558375,0.8558958666690791,1.4008239940542968,0.023089972305373734,0.42145194331210123,0.10536701175465851,0.7622167077315851,1.3439105719518838,0.013941645379800784
38,True,The solver successfully reached the end of the integration interval.,846.9185486571253,2970.79564182129,0.6487506021459543,0.41723664463268306,0.4182455155766006,0.4174016226691568,0.09516194002076761,0.6258104355217312,1.3251693093367276,0.11829433977918265,0.43865579246360953,0.11178218810098497,0.574367666061048,1.3979144589736214,0.11822616253562826,0.4224068782741438,0.11636620362762437,0.4981147506029208,1.3626165259331358,0.11800375158494326,0.4166504005433803,0.10130239397796059,0.5318380106913558,1.3358914504142803,0.21918640490616814,0.42202871973500633,0.1048812226449273,0.8848749810001774,1.365897272630255,0.13035492228978066,0.41396374729899743,0.10647736248220674,0.4335456532057534,1.3969857807220893,0.05116677295458846,0.4480567643891789,0.10487996324935739,0.5561703852727433,1.4615178487177751,0.023045989193557208,0.4182455155766006,0.11107978046028492,0.5017207684814324,1.386957819468949,0.01402203864590043
39,True,The solver successfully reached the end of the integration interval.,842.2785407412706,2909.4054420555817,0.6930316399830687,0.43469322287923423,0.41308753758153793,0.43487706047535274,0.11754167414307298,0.5862634916291185,1.4262342280209963,0.11801221283394434,0.43362650276022885,0.1145015475562369,0.5669925707749749,1.3334460217340776,0.11820046487266911,0.4221722296271019,0.11001308105220146,0.7149809565131758,1.4047212253256607,0.11820907769030845,0.41421094622671567,0.10400459145480181,0.4343855377084999,1.4257187051475133,0.21906080137414932,0.4218284165812902,0.12579163578161864,0.49146872457195717,1.471524705596821,0.1298848556012493,0.4168837155287632,0.09650104384446853,0.7092075005434078,1.3682726860763066,0.050913853745156085,0.43870853463288173,0.10810788760300251,0.5749389091321129,1.4235958216160476,0.022974544746388093,0.41308753758153793,0.11239509729460717,0.8499648827874887,1.334260547366582,0.01400023658751476
40,True,The solver successfully reached the end of the integration interval.,851.1503755333734,2779.8602867593268,0.8260186336909814,0.4163262140056454,0.42759274637102573,0.416474669342033,0.1068384370406494,0.6908549814175691,1.3569887288808262,0.11867281794275943,0.4441474451794532,0.11327498569277823,0.685499408679227,1.3595489157246792,0.11811535868933493,0.42729653322684863,0.10492563620048591,0.5592665059656352,1.3074392919443016,0.11792678427494341,0.427195220569195,0.10459475810504065,0.5517056224876489,1.4089670398822591,0.21801600852676295,0.42423936643052923,0.1011113114118991,0.6286765637156809,1.4081635743485958,0.12975050723977422,0.41540017691333847,0.1147134294274953,0.7370521912435548,1.3608965282081131,0.051218686644223625,0.42672779806480493,0.10567788278035585,0.5112631246310976,1.389434381495293,0.023031325894120096,0.42759274637102573,0.10765040692455805,0.5487565652260205,1.4142833905266412,0.013987177864670106
41,True,The solver successfully reached the end of the integration interval.,841.124159468735,2989.2113385421862,0.6063315105089196,0.42767329052826986,0.4213890550934428,0.4278479580925211,0.10850172410164335,0.5990919738192497,1.367968739576117,0.11786954652749367,0.4361741486083756,0.11759335977217027,0.6790419925079991,1.395078648567898,0.11793495241084408,0.43321480230659687,0.11040031669941243,0.679597291059289,1.4303726940188657,0.11790081705577611,0.4193541929832087,0.09774675095250576,0.6882946485352295,1.3868242565063136,0.21875936406256716,0.4250293122398937,0.10516659306748957,0.5958809757652505,1.4069601015276922,0.1300609590261469,0.4141851612073804,0.09978551466573055,0.7103979449063861,1.3985146907832886,0.050921886644060665,0.4119729391131089,0.10829018686263416,0.5853686287012596,1.3536090267175713,0.023082828316930492,0.4213890550934428,0.09971405296866212,0.7561034923186182,1.444282010460838,0.013964246187188546
42,True,The solver successfully reached the end of the integration interval.,854.7284544384684,3061.126771004003,0.5592722008362634,0.4232681283283994,0.43261601679561273,0.4234302358081256,0.1105630878583891,0.6672932587853654,1.4076097142849455,0.11832675154622913,0.4353545688316048,0.10218891330315376,0.808297945568828,1.381404919930663,0.11736334062652438,0.4177033190244708,0.10076337523889457,0.8034522108221339,1.358100789914684,0.11803695782027804,0.4122419524841999,0.10662327331985237,0.6306653232515652,1.3036832716765312,0.21941677197754428,0.42878424761126605,0.10513903859084418,0.5667818839294629,1.4089511773297323,0.130135753083329,0.41869667608362554,0.10676214605275267,0.4909722978141428,1.3356551015220781,0.05093713408033252,0.4293681974317595,0.1217512967853271,0.378807354243108,1.4336347002297642,0.02303900065775637,0.43261601679561273,0.10630353738957395,0.44558360752107184,1.4726202343263775,0.014005570903032005
43,True,The solver successfully reached the end of the integration interval.,829.1413824826334,3031.6620293516107,0.5901191371495902,0.43986933470974887,0.4097332895480851,0.440027943959964,0.1200953897433152,0.6637835202676423,1.3519338291471479,0.11794222914356679,0.4187776650382245,0.11980768373207164,0.6651640965307237,1.4211191736516107,0.11853146260060851,0.41824361301565116,0.11057795742633766,0.5823134544766,1.4092998110121708,0.11779327986457738,0.420312361168428,0.1110733837204839,0.788065901558124,1.3826500127938421,0.21961682114246822,0.4158135855056357,0.1015055613494715,0.5286143882154739,1.33708310329289,0.12974294202704784,0.4064394782458241,0.10082015482354087,0.6395934551855548,1.3606487115771644,0.0510872913147829,0.4179174110602538,0.11266809629503388,0.5775188179940504,1.480894346831496,0.02298277857651094,0.4097332895480851,0.11552123021467134,0.5173508688149636,1.35780605635804,0.013980690939405101
44,True,The solver successfully reached the end of the integration interval.,840.1454252980332,3040.7795664989035,0.5559538962112988,0.4298064766407941,0.41917931245336276,0.4299374444859171,0.10715229312539756,0.801813512051714,1.3568289969303604,0.11830850341130267,0.4259148064844101,0.10691451784490189,0.7545226698053411,1.345544364612839,0.11799417890275044,0.4354886644506066,0.09852988151527245,0.7673346672429903,1.3134834447344244,0.11801703251624344,0.4233616412813664,0.09301860904097967,0.549748231208032,1.3701981503370164,0.21942386155715368,0.42484730142384136,0.11391919385511516,0.5436959456090313,1.4168989138551167,0.1300726345691789,0.41131101521675395,0.0976190103758597,0.7423406347600029,1.418781662604366,0.05111057095864042,0.4182474657956085,0.08448765283715123,0.48232035242558363,1.4041081667226036,0.02311518933312708,0.41917931245336276,0.10390496339273879,0.5197462037670316,1.370804620170957,0.014007319206135087
45,True,The solver successfully reached the end of the integration interval.,855.9003679378792,3058.421222371967,0.5532053225065874,0.4392919101395213,0.43224284729674306,0.4394559465102478,0.11578050505847076,0.673859584380665,1.3923144839413204,0.11800438594907721,0.4260098373958954,0.11403757812006016,0.5871618332689348,1.3616804520358223,0.11814768848418365,0.4168147849396501,0.10794071445759842,0.6105126833171296,1.404047187907917,0.11763453782757222,0.4134818745988842,0.10826235189418898,0.6841264507506994,1.4365347665435388,0.21820059735601982,0.42147114505088606,0.09899026927711832,0.786980227697044,1.3534759500742513,0.1298417507860686,0.4184663127000234,0.09233996301734158,0.703702597682064,1.3818151420462106,0.0505860979966638,0.4336293745947297,0.10287607552040513,0.6193270226925192,1.4474779366024735,0.022949112096416306,0.43224284729674306,0.11849596448771829,0.6942620744882223,1.4249540476378701,0.014046067186396732
46,True,The solver successfully reached the end of the integration interval.,863.9384118399835,2854.6830449883955,0.7588689503990957,0.43440932234591945,0.43099440172547065,0.43460005674491425,0.10883594447152692,0.5536776988103733,1.3863581454961031,0.11801658609715329,0.421885333709958,0.11868981965949858,0.7533046577862107,1.3479537818533533,0.11756133723471932,0.4333569694665114,0.0949861179421878,0.8632920358817961,1.399111460012568,0.11795229915290886,0.42071684057699943,0.09915107391181444,0.5835638678112912,1.4389671717409536,0.21927789094845515,0.43057213288963947,0.11632477012469998,0.656485961196281,1.4008138323185184,0.12978789626675746,0.4352874959368944,0.09913043246090021,0.7719086522251813,1.4227973891006125,0.05091567100238816,0.44053735248221887,0.10516863817595912,0.6447488398783164,1.3863754328624938,0.02291035910634549,0.43099440172547065,0.11078330957587224,0.648269006431581,1.3816169725112135,0.01400551700564846
47,True,The solver successfully reached the end of the integration interval.,840.3117083489986,3015.7600762910165,0.5960298391245671,0.42562895438775616,0.41281396114415386,0.4258096620189324,0.11916659832906781,0.557348207093387,1.4028915259945733,0.11793965833354948,0.44239218994765483,0.11224298643347431,0.6824398038871111,1.3473176784470515,0.11785567652876017,0.4159184730745757,0.09871724157555926,0.45434102094085116,1.3828961778869375,0.11818061654442785,0.42306046310332246,0.10694725159784171,0.6706893565892418,1.3904581934275149,0.21911524552043343,0.41972869470466206,0.11022158902166294,0.6671888957444932,1.3230388078015023,0.13018213562473413,0.4077417756365103,0.10003056673460187,0.7198655372921693,1.4327298952152792,0.051138688530994666,0.4398429474460389,0.1220656733398139,0.44722800569655374,1.4115683540236472,0.023074542278079015,0.41281396114415386,0.1033140412506297,0.6180012528321397,1.4095720081166825,0.013960217785956741
48,True,The solver successfully reached the end of the integration interval.,833.7953483696531,3032.7696564983653,0.5602424471477956,0.4238553604607232,0.4195876733113187,0.42400955997514306,0.11147926058460354,0.6663477572022012,1.350491757270931,0.11817420498301216,0.41585613405021776,0.10389478698106301,0.5270767027754417,1.3671492749606313,0.11816114837099434,0.4348449886073687,0.10080535056843937,0.6403608535326935,1.3893199382751478,0.1183507558978836,0.39727597916942103,0.08372922088994197,0.6698093905699892,1.4027993246954527,0.21958102384830666,0.422341604358922,0.10160789228485648,0.6641188248740217,1.33690396844026,0.13038233704651078,0.40645725658870985,0.10724173602832578,0.6861076757906432,1.4534666476487588,0.05095047667670474,0.42280420476692415,0.10558166256037951,0.6363412821187803,1.3738114747326569,0.02303690189959927,0.4195876733113187,0.10596225164697523,0.6531325380037595,1.3981665307861104,0.01401462719425421
49,True,The solver successfully reached the end of the integration interval.,832.6639455045257,2912.2631593806445,0.6866488098805561,0.42113803494327184,0.4126376141551732,0.42130497691264135,0.10443049237047398,0.6545331691271727,1.4084358448631429,0.11793066435355376,0.44112718271234724,0.11423463876725264,0.6128174876771405,1.3844396357442779,0.11824803148441809,0.4228508190864417,0.10947656399206736,0.6064243399673901,1.3588021150664065,0.11765737731310358,0.4328781269540462,0.1241320240152104,0.5374223778665729,1.4745531639187421,0.21874544431217802,0.42477789902977475,0.1097583843663487,0.6850807517711112,1.3728657552566115,0.13013363727854252,0.40623063286376365,0.09794112746179809,0.7850101120624949,1.4251085450948857,0.05085977765666496,0.4104220184237286,0.11732634358094614,0.40687394068373883,1.369092666610061,0.02303025726649431,0.4126376141551732,0.1036760187071084,0.4803767822581318,1.4022103780175876,0.014018164463751124
50,True,The solver successfully reached the end of the integration interval.,848.4662364322897,2963.6200745409897,0.6541224228848171,0.43570591126813263,0.4305723578724039,0.4358738505011574,0.11290683017516921,0.60335086459904,1.2995470203173052,0.11777829804169651,0.43236314052587616,0.12675980390004704,0.5685021652677642,1.2655250496640171,0.1178215341885161,0.41566546103044777,0.0982456836648152,0.6180133799133805,1.3790009866409034,0.11798067393059615,0.4214095365286684,0.11623838938645187,0.5363911584471831,1.3439468927834712,0.21925599323699005,0.40711719391618223,0.10372886614500623,0.545653285155606,1.3982831385805952,0.13040518991746197,0.41835067016126765,0.10759065905272591,0.6269402521163987,1.468904711518693,0.05112030195564667,0.4151734683443596,0.09774491990547665,0.6467994370673633,1.4229028865626858,0.02301850314444803,0.4305723578724039,0.11981799640210081,0.46241978532591527,1.360850429620767,0.014064792404044086
51,True,The solver successfully reached the end of the integration interval.,829.9833710944167,2929.129815444391,0.6773053843888137,0.42181786778729685,0.41080201456419774,0.4219883241693717,0.11253321218595508,0.6009600936716273,1.380870217912017,0.11817030300694296,0.42060564542044526,0.12867065989602208,0.6659530951112184,1.383683370355078,0.11768705938584162,0.4121461523681685,0.11025253185687289,0.4814719313605469,1.3610857093368438,0.11797292590771098,0.4171455672866136,0.10813256750429412,0.5756277267863191,1.3576216720952834,0.21912332344088892,0.4246580089609797,0.09905308441339566,0.6382129815434946,1.380860910706227,0.12988683429761014,0.411031611748108,0.09959903639583431,0.7126953220146371,1.3860668612446747,0.05083564816394234,0.41934461365659614,0.0928844457738711,0.6026230697266077,1.4050079279797678,0.0230382453297509,0.41080201456419774,0.10540483257082414,0.5800362228862805,1.3676334969110435,0.013991855054320847
52,True,The solver successfully reached the end of the integration interval.,845.0531501265348,2983.3150469065613,0.6297370329526328,0.421084234398107,0.4277133146892358,0.4212368951693138,0.11538919278417241,0.6907589172508866,1.3996505558595946,0.11802521167947531,0.4393261780817874,0.11744943695142529,0.473430709865332,1.3924897046597238,0.11811707343203277,0.4241871826651151,0.10966196078684107,0.733900202605725,1.3784876287468788,0.11803575051386625,0.4173238215970242,0.13119814775827907,0.6145515490440371,1.3946155027693965,0.2198392767438273,0.4221159912487884,0.11639365292654483,0.6581237764101717,1.3746642539277885,0.12969729352347595,0.4093385226232807,0.10137018209925341,0.6713615817250856,1.3769708516050878,0.05088948469895672,0.4185205019103566,0.11003552570666089,0.4683149670332196,1.344321236911044,0.022978621410631596,0.4277133146892358,0.1067772090412621,0.6705218714870035,1.3919899270225617,0.013964689084468846
53,True,The solver successfully reached the end of the integration interval.,835.5927661836517,2981.250155649155,0.617744530774651,0.4226520320624871,0.4156774143612027,0.42281933631611907,0.09963499963588596,0.6821271419715916,1.4270244299413084,0.11834822315672361,0.42209938228147964,0.11237454571460286,0.6039090345991773,1.3196670556543548,0.11814772241322226,0.4166017569850445,0.10949915239286041,0.7029206124818266,1.3994709084086112,0.11797390777064161,0.4316129384090296,0.09600880140675525,0.70021740840289,1.3921247253126063,0.21848042393288053,0.4199482019007549,0.1150681130368737,0.5197489842128182,1.401926196064225,0.12965854935352444,0.40778015802156414,0.10851343010476033,0.6348474559407251,1.4594275775279346,0.05100300316160207,0.42119537241435173,0.09335266016063995,0.4586451680717378,1.391974973637848,0.02301930644061839,0.4156774143612027,0.10515544788150881,0.43007024070817634,1.3947308480729717,0.013942387427509452
54,True,The solver successfully reached the end of the integration interval.,842.4104002568679,3040.6014782252423,0.5759648013941305,0.42494455174337176,0.4289726946540373,0.42506031401340033,0.1295085094233012,0.8194488514870051,1.3516885889449153,0.11797631741071615,0.4085279470557602,0.11589076203198924,0.6247258217374296,1.3891240153991948,0.11792625433489304,0.41518024974959783,0.11600793349551006,0.6978580328369439,1.3937760923766018,0.11816268793111749,0.4284736105665997,0.11749575083289936,0.6415884994800486,1.2651565565462275,0.21948158088191547,0.4149301419726667,0.0920213352238532,0.7041828358531097,1.3531181766916702,0.12981135725961307,0.39785428383059873,0.10174820444769711,0.77236093471083,1.3409563197589538,0.05098908130089455,0.4269775648815887,0.10874982615293748,0.5197602461890234,1.3797444658609463,0.023075371537477442,0.4289726946540373,0.09812923476293524,0.7118636731478697,1.4070728973037432,0.013966923348714166
55,True,The solver successfully reached the end of the integration interval.,831.3617489688443,2855.0985680147514,0.7337194108951548,0.4344861448156637,0.4104558150905129,0.4346998754278744,0.11357388504991975,0.4105043273098145,1.2994257319240863,0.11807506711806993,0.4268516762882487,0.101428638335391,0.5036241157903578,1.4152243297300584,0.11823743555137199,0.4188740432165159,0.10796401338798017,0.5327485886764051,1.374383247211978,0.11776532112360227,0.41572457694938675,0.1172961414325056,0.6680252394398724,1.364172354957841,0.21968089505830868,0.4203570638148388,0.10981284909126195,0.5944312493556105,1.3951744806877042,0.13026665064371373,0.41904678314148475,0.10478548168414537,0.5988435017581036,1.4171316691985858,0.050952594788753414,0.4102900720935046,0.11142417011243316,0.5192377279110507,1.3894860696838691,0.023032750173200358,0.4104558150905129,0.10531280920869514,0.7308894591014965,1.3631299291408165,0.014005013629798158
56,False,Required step size is less than spacing between numbers.,826.1640106501421,2140.104010879989,0.6610766824065908,0.42449549861802194,0.4239279393828162,0.4327061312759941,0.10626834768624491,0.6023947863654509,1.3091230947548829,0.11779586476754136,0.41333521781939886,0.10789444353521897,0.5625218702019482,1.446637957513343,0.11774513396815989,0.40118975505898785,0.1099257103057093,0.491884620507535,1.362447957979723,0.11831760383480334,0.417048864086398,0.11661168614298995,0.6585757644411114,1.3889776532643097,0.21915938622242506,0.41430859547303606,0.11848225506491952,0.6691197147859953,1.3422258939345697,0.1298494385361713,0.40281728820627394,0.09976984449373816,0.7325892014865559,1.3468100937281757,0.05071791023665116,0.4274764603787375,0.08730685254278547,0.6823543624982388,1.4280775086693274,0.023149661514142165,0.4239279393828162,0.10724286222022583,0.6738622626432471,1.3823959278472635,0.013967273552266221
57,True,The solver successfully reached the end of the integration interval.,855.9591562104239,2995.8976894909,0.613788604892249,0.43627874920002546,0.4401776614507898,0.4364637603130612,0.09693893304829158,0.5988519699644772,1.362331419698313,0.11860550773299794,0.4428196325020464,0.11162062872394093,0.6405333520530053,1.35798753812911,0.1184298250269817,0.4195631469473339,0.11241990463930164,0.6108568727397486,1.413911959489061,0.11795159379634602,0.41967558164904234,0.10467170682167821,0.6043095387967218,1.4105341124352797,0.21888071538051027,0.41680546357729775,0.11541024077738934,0.7720253202487343,1.3682786362618402,0.13025813290770902,0.4097787381751476,0.07875925099397971,0.5650746417412535,1.4012244510902971,0.050975337034771126,0.4145347987762355,0.10305829011248452,0.4932529994167297,1.377854479546464,0.022983296122224876,0.4401776614507898,0.10151595278165824,0.6539868429520689,1.4130253180623706,0.01401098519729657
58,True,The solver successfully reached the end of the integration interval.,847.0164284279455,2815.5614065807276,0.7957900802188282,0.42944927816410877,0.41582552328562983,0.42964150251948036,0.10653982441747654,0.5600447996200759,1.4219189400013705,0.11814348844647501,0.43078462521988853,0.11861380809904833,0.47761576463549266,1.3368341682974656,0.11829658434318645,0.41368019382669763,0.10274720521786113,0.4756024450768494,1.370131257037694,0.11807872574949242,0.43904610089856977,0.1083449411219829,0.4760063921913212,1.3938909107965194,0.21940532615776026,0.4320035581109797,0.11616296596154954,0.5721548429003447,1.4208960507447788,0.1296767115024224,0.4189956745565002,0.10652233591366628,0.6844726260190436,1.3695280635756284,0.05114590817834109,0.43180761862541545,0.09000564922788473,0.38179657592964644,1.389305150158711,0.022972354278217758,0.41582552328562983,0.10344062237452537,0.5886090370212191,1.4635565597566638,0.014037256142785916
59,True,The solver successfully reached the end of the integration interval.,841.6473175123843,2919.923835391888,0.6930605632826194,0.44098840889595625,0.42283661927385907,0.44119156029162226,0.11006018167264876,0.48353056304624425,1.3163074381246134,0.11783971200875315,0.4114354582166426,0.10667022701847889,0.6363955836350836,1.290517500880692,0.11804697869747305,0.4077275251477097,0.10398481101434225,0.6911979892305081,1.4291980826226596,0.11815427524009561,0.41018965986249734,0.1135105264694811,0.5744277400933435,1.4241163167492288,0.21857075621820635,0.4206564727577562,0.10091561832659954,0.9012003833397798,1.351324173595742,0.13023225191932072,0.4131432268509065,0.10628385695944305,0.5576559018998247,1.4240098493679854,0.051009605622824646,0.42489628158827614,0.10704369889926356,0.39794010527756063,1.381665955469716,0.02311768906618796,0.42283661927385907,0.10385981787126393,0.4976968178058546,1.3864043185654098,0.014009216001184478
60,True,The solver successfully reached the end of the integration interval.,838.704872103113,3024.6192936416073,0.5618461350013613,0.4343353739212555,0.4138648247670433,0.4344984846496246,0.11544059952328306,0.6604779829111009,1.3824547750187361,0.11753667466855801,0.4229429107420639,0.11146468468569784,0.7173740115129847,1.3583425201084498,0.11775873967992345,0.4283262232612665,0.1065091059763558,0.6500222087848108,1.4045760389694009,0.11816806882371761,0.42143890945751855,0.1100453749452964,0.6353524057487104,1.3610800547644326,0.2184561996627217,0.4212443012319503,0.09875692172193143,0.48762915647077487,1.3815721571937347,0.13038072061906852,0.4147166964652749,0.10542854653616149,0.7915271418609546,1.3906936297092145,0.050837876421649206,0.42693617269447753,0.09420181394107367,0.5677911870594577,1.4066035237067278,0.022979451778375747,0.4138648247670433,0.10369470942060856,0.8797233075789163,1.3908559028061662,0.01402335742907813
61,True,The solver successfully reached the end of the integration interval.,853.1474030743517,3097.599906879248,0.5126295478684563,0.42829483520010014,0.4303275798308578,0.4283940097365573,0.12268559759372147,0.9970436165976583,1.418885457060101,0.11863615340630707,0.4253381970708151,0.10497672503622997,0.5055237697133106,1.3689374954726048,0.11772408735380196,0.416222184212594,0.11158238515487909,0.6707512914394753,1.4447308420315355,0.11804097083052462,0.42583702833809634,0.11844452751548336,0.7813428029964986,1.3403913255364948,0.2199340318000801,0.43312513768453426,0.09006313921311077,0.704420356521544,1.3632100958947266,0.13028538658336822,0.4146358671990927,0.10688529050317698,0.7107402166194745,1.3486868876350622,0.05120863734033669,0.42686828783538877,0.11463118988453733,0.6360461174056239,1.4180614054393026,0.02306442566782759,0.4303275798308578,0.10827168648901515,0.5652261783930504,1.3778833002783377,0.014042452943835982
62,True,The solver successfully reached the end of the integration interval.,847.8493444106371,2851.2976177804785,0.7647979722376688,0.42313015046602603,0.42618659855897506,0.42330896428085624,0.12106858641124112,0.5230480660262546,1.3418217377271815,0.11844701286394405,0.43182706497678164,0.1300187705439802,0.6994104157598947,1.3730647334309591,0.11793546524423391,0.4047859098379365,0.10860674665765259,0.605751403643729,1.4155762534788727,0.11781281199185692,0.4165855173709355,0.09310409173877318,0.7360649629953314,1.3381118975878865,0.21820452902498777,0.4145555394822716,0.10235573672839925,0.6338827393758373,1.3363269434713771,0.1299432887888316,0.4105601763591214,0.0911879710499934,1.044908676116491,1.365118140527714,0.05100097362882871,0.43923413202086536,0.09179823626215664,0.49032839768206726,1.3812121932388062,0.022961708713255476,0.42618659855897506,0.09893306428428,0.7954922542025613,1.3750939288109276,0.014032186803904721
63,True,The solver successfully reached the end of the integration interval.,853.8870324688822,2863.7641915798467,0.7351330774039986,0.4352645830058801,0.42542508987890953,0.4354372432936089,0.111851080532309,0.6119750267579022,1.356741940454787,0.11783071398944486,0.4300121089987095,0.10685549177179199,0.5798865390677078,1.390814681125649,0.11844234560744442,0.4361862251371856,0.12245289617797248,0.7060828271360253,1.387524624479112,0.11789448415745374,0.42676584351312113,0.10661958359156072,0.6513244934342424,1.3832375832575075,0.21924902981054348,0.4198729660339329,0.10733713529078927,0.5482684518003692,1.3497239462143324,0.12992688693848453,0.4317954653498415,0.09738439967663604,0.82490570328172,1.3866243559466849,0.05094400910912758,0.42312302604422447,0.10088728764671924,0.6528981260261566,1.422972561112391,0.023035870565944746,0.42542508987890953,0.09986683834836686,0.6648278758186764,1.4119452644566397,0.013981041147256037
64,True,The solver successfully reached the end of the integration interval.,854.5457848414026,3011.99885347248,0.5948425325503537,0.41488950380031436,0.4352242004870788,0.4150462955012731,0.1100287717095088,0.6389484867950295,1.3547219106690234,0.11801700093049403,0.4209624246156076,0.10357415050970577,0.7905632060471772,1.3785199164491513,0.1179741643849574,0.42103956404783366,0.1006013346493864,0.5207142482587662,1.335083798415331,0.11796706596532562,0.4338285310435131,0.1073797352152686,0.5896571338231812,1.4547897047932237,0.21990901111705954,0.424907038633926,0.12009569039819872,0.47923392259840225,1.3852689220704646,0.1298668961180379,0.42257593993898673,0.10849094814507984,0.6716102940680884,1.3587854830889499,0.050911439917195656,0.4174455768079567,0.08781194775329933,0.47487561713483695,1.3643873008194358,0.023172053298416668,0.4352242004870788,0.1146878803513265,0.6990598870971982,1.5034331664864216,0.01396662683989197
65,True,The solver successfully reached the end of the integration interval.,855.8923904426035,2974.70232885492,0.6296431781920291,0.43491675464044305,0.4273666409827507,0.43507665283433206,0.10876214179335969,0.6638185873026097,1.3379670111318196,0.11795426548127227,0.4326895217525005,0.10227930772010335,0.7279571577343259,1.3891134207172953,0.11800787283997959,0.42529639718520656,0.11028433200009234,0.7336766866911906,1.297929429115704,0.1178438790039067,0.4214541483171795,0.10427416476964593,0.512147711762686,1.4134546030009543,0.21880990852048615,0.4314019773928411,0.1180448839602999,0.6041317796025163,1.4117314378703927,0.12981995089912882,0.429881393955373,0.09876592850226082,0.7750419114462712,1.384925151602962,0.05082395151265975,0.4245452899113562,0.1060949716484737,0.5212704699660375,1.4018291919981538,0.02298664645471921,0.4273666409827507,0.09910117747147708,0.46587285597688266,1.4180678626829735,0.014054000262911337
66,True,The solver successfully reached the end of the integration interval.,847.9094649849375,2956.2525679513114,0.6322527580656104,0.43528798853483053,0.4293324650687925,0.43545406944354104,0.11258559566539422,0.6701342037630409,1.4035105264212793,0.11809775705689715,0.44790453959502424,0.11521956597209047,0.7299708565125247,1.4223611943768903,0.11790625316212726,0.41961053198384723,0.11577875600770404,0.8000278332231143,1.4405229384776423,0.11767450386026451,0.4149945720595295,0.11314543976302378,0.5793610768072914,1.413539577513162,0.2194035445166776,0.42364309066642614,0.10996659783652922,0.6619132877128675,1.3679448060626949,0.13054132530067916,0.40252543401196783,0.11615865818874499,0.6505520085605202,1.4212565773124086,0.05100913798521714,0.4216116145626986,0.1039908064922202,0.7041792672817878,1.3296636251546188,0.022984517199131794,0.4293324650687925,0.10614054071466782,0.6650156669147885,1.3768302195668796,0.013994715966799636
67,True,The solver successfully reached the end of the integration interval.,841.659990357686,2899.6407582040533,0.7189465458667944,0.42834119815363303,0.4160307564802248,0.4285025178738489,0.10906844339354951,0.6266450967244722,1.3062328893937758,0.11789831338145287,0.42843947373030233,0.11206743626323913,0.6600979474893823,1.386562589615959,0.11792289286124925,0.42059242635621197,0.09249378960832205,0.6560291063631705,1.3662759738633317,0.11802612567337178,0.4284696190936996,0.09605236706158037,0.5733242394909801,1.3978297420724672,0.21895177780048272,0.42382535982506314,0.11144179734738185,0.8146441117886152,1.4174082395243601,0.13004777627500733,0.41272153059853495,0.11061272965541553,0.848438796699081,1.4148831954693672,0.050921904175796506,0.42968225517875663,0.10223561326721455,0.6118441132201868,1.4794432221508047,0.022982506090392506,0.4160307564802248,0.1073339911934173,0.7785187085008501,1.366381460837717,0.01393557657048786
68,True,The solver successfully reached the end of the integration interval.,852.7775684219479,2672.149519473649,0.9405160462308577,0.42193919634042326,0.431368511865947,0.4221225783161356,0.10530892145041747,0.5420475388761405,1.3447753961085038,0.11866051267337474,0.41090839697697273,0.11812044132199938,0.5717719769522827,1.3076027322465338,0.11748416648217207,0.4382139612290469,0.09735892010319759,0.8529487893466845,1.384823495169964,0.11816196843043118,0.4109428444436442,0.1058243262574172,0.6276241458848616,1.3530831513846853,0.21839706871517947,0.4181673779551659,0.10649608494405007,0.7590460476186401,1.3946083855303482,0.1299589815585433,0.42031983848942656,0.11391074273472022,0.84032637662501,1.4070077984721987,0.05089200540681164,0.4378715331550388,0.10733717465944587,0.5853480235799412,1.3919915918239636,0.023039166609085563,0.431368511865947,0.10231775159951823,0.6120847033677583,1.387320013736954,0.014000256845251437
69,True,The solver successfully reached the end of the integration interval.,855.9305029261762,2851.195754358911,0.7551525794516867,0.4230575994792699,0.43605715706015363,0.4232402311103253,0.11436812756870372,0.5462912206072061,1.388164204480364,0.1179109974550997,0.4133678943037969,0.1181222478949221,0.48579349205099237,1.3655372260709282,0.11865971731606044,0.41443872839587365,0.1115435229292905,0.5233335510255576,1.3255385761789946,0.11835629566164982,0.42554519460861107,0.11387503909641042,0.6813186347779279,1.3539030145067172,0.21884193061561985,0.4207080802263019,0.10146203839270539,0.7191498952674924,1.3725845327977442,0.12992475986692145,0.41352161057397535,0.10576005232865288,0.8828670299937061,1.3194467395593337,0.05079402657136263,0.4353678700547911,0.10037229875972212,0.5499142400669742,1.4209038690000546,0.02300076202954579,0.43605715706015363,0.10272857294731039,0.5462160024851117,1.3940518379429427,0.01403161296999077
70,True,The solver successfully reached the end of the integration interval.,840.4583208291976,2782.5196765554742,0.7922270607238613,0.4222298896576276,0.4217026326124564,0.42242295136964814,0.1125602841648581,0.48795918880029626,1.360661723224682,0.11790953205649123,0.4190709423429613,0.10791485235432377,0.738253646085179,1.438321014368761,0.1176666368121097,0.419402976509396,0.11742962834311414,0.534410781507809,1.3442959266380148,0.11770357456696802,0.4328772245166892,0.09621231232203661,0.6778455803848391,1.3279672331130166,0.21931150403163346,0.4189198935709647,0.1166784637748638,0.5642216000438365,1.3525976258127015,0.1303016245650956,0.40944814297387366,0.10676696941867365,0.6519445185747861,1.4217515344721108,0.051256182681274104,0.42050994587117624,0.10275790224319692,0.6390785929020907,1.4374883439188881,0.02303122424106813,0.4217026326124564,0.09772471144459423,0.5125807750268521,1.3278781352349376,0.01395517977522007
71,True,The solver successfully reached the end of the integration interval.,838.4996791502671,2962.6746766171937,0.6468006783581144,0.43064342747340706,0.41799577027686297,0.4308001718679845,0.11767932047039509,0.6363966759608547,1.3141834388115887,0.11775608140039873,0.42400747715417897,0.11260376966800993,0.556390780581404,1.4154958074487844,0.11812572957293455,0.4196951662017928,0.11845075519319227,0.7409324523595175,1.401178521740278,0.11807086873723655,0.4247365156770608,0.1146604923103918,0.6202111806788008,1.4281679818479516,0.21899746401566936,0.43101873392198664,0.10433356708105564,0.7247854361411299,1.306027589808769,0.1302991599435147,0.40367271035972185,0.10381269208268704,0.5552012276761613,1.4295077666369254,0.05078292287135427,0.422410638277506,0.10377402300299612,0.5496519340527025,1.3992437202121921,0.023004868137584813,0.41799577027686297,0.10259710537964503,0.417392084350943,1.4005479351389267,0.01401551422774286
72,True,The solver successfully reached the end of the integration interval.,839.2764190344872,2909.722848468643,0.6888163565702448,0.4248874189532941,0.4184208454294155,0.4250750031262239,0.10411028819770117,0.555266529917584,1.3864594276515523,0.11785076984971875,0.43916240811621615,0.11619344965611637,0.6334337387741574,1.376302128754535,0.11818647195992142,0.43215068800389717,0.10632246328516734,0.4548879949773919,1.4271401222687325,0.11768231142763919,0.4252137716907809,0.0919289945901132,0.5192905131705735,1.4633390176716519,0.21889512473730996,0.431324792832402,0.10304147514074456,0.548433871724225,1.3164012747581546,0.12983310784735186,0.40637401025718234,0.11720353114747256,0.8347197939890184,1.3979899551265922,0.051096874539442984,0.415718872131434,0.10852328374434976,0.444891700760607,1.3769057976667498,0.02302012830916576,0.4184208454294155,0.10766559228186973,0.5908602282511207,1.43704692146335,0.013989488722349596
73,True,The solver successfully reached the end of the integration interval.,838.6392098198565,2949.0085688069903,0.6557831401649434,0.41947668317758746,0.4206167330504371,0.419613184132717,0.10927733270236097,0.7352703499315677,1.3355786880746052,0.11807400811527037,0.4106639826847424,0.11265878619194883,0.7797417588372573,1.3819225557310733,0.11781390468775438,0.41776826973638687,0.10092364500353676,0.7039917146009408,1.3408735376054939,0.11797977972323734,0.42298155196696235,0.10607873418585098,0.5111011660537201,1.412682369812188,0.21943431445819453,0.4239681634572613,0.11334466821641474,0.45119881641630266,1.4360352459123726,0.12967585082847669,0.4130310886339639,0.10396170273206773,0.8652995870068841,1.3436842964467386,0.05098102674522668,0.4215679370649445,0.10458672506894942,0.788455396824904,1.414967930742263,0.023061311247355384,0.4206167330504371,0.09389705555902626,0.6086855991303343,1.4124820068167296,0.01402842125061149
74,True,The solver successfully reached the end of the integration interval.,846.5373733143172,2851.538526511615,0.7565225240276942,0.4364810730076779,0.4241882657228702,0.4366467015915444,0.11243066380815901,0.6696215446402263,1.3950902812488875,0.11765816676882306,0.42931800117924174,0.10860737700797875,0.5438506444050973,1.3865584772023891,0.11745549130359398,0.41545356461292937,0.09246356258609718,0.4746281200773585,1.39993877470747,0.1178074163696955,0.4149509322478768,0.09579055453961713,0.4689514302565793,1.3406388145190742,0.21809348642801749,0.4186796368612443,0.11240446916969508,0.6231571629379232,1.4518287664396476,0.12980717698697267,0.41610180310979916,0.109250127272794,0.7914086560799317,1.39126176705573,0.050950546566118915,0.426951310352275,0.11264965357702701,0.6221662567317497,1.3882425747895926,0.02294882670872253,0.4241882657228702,0.10442233348128907,0.5572103102029838,1.4599353827451302,0.014045049110855124
75,False,Required step size is less than spacing between numbers.,831.5599684832362,2033.339364834806,0.7370976117909771,0.42113992969659253,0.42143144133000954,0.42894158752550193,0.1042850934871981,0.5533606560468919,1.3253396678645146,0.118433504037594,0.44626850668277523,0.11359652765641472,0.43902699920641486,1.314184366559571,0.11750144397617009,0.43181497582471323,0.12064688776777435,0.7155035208347057,1.3206282756351864,0.11795921804346605,0.4143620618782723,0.09520480888931862,0.5980901597425861,1.3531156147197427,0.21942901292478412,0.4263212533601036,0.1027494054456573,0.5923657153419584,1.4004026041805278,0.13027329680061192,0.407229846297716,0.10110084442389392,0.5849526378693413,1.43613219999173,0.05125585585723338,0.4290957241200896,0.1132329374610119,0.6896772098872086,1.3376426055043895,0.022971458920379897,0.42143144133000954,0.09700663621194125,0.5314779645295803,1.4751929828346564,0.013987237747018592
76,True,The solver successfully reached the end of the integration interval.,835.5999440229166,3041.2412537601494,0.5624273284948381,0.43320819934989163,0.4167747353994784,0.43331953262927514,0.0990654250876297,0.8816535878631537,1.3153541174466838,0.11805137387292552,0.4286878899620835,0.11128231237581981,0.6259103741808109,1.3504153697952748,0.11820962420264026,0.42548499602239204,0.11422058363743731,0.7358395425759586,1.377294070300166,0.11880042586000199,0.4075809069534375,0.10346184353071515,0.6771110599043049,1.3359241897252123,0.2198235333059596,0.42043910072368906,0.1135189141769511,0.5171879799668164,1.3248608781910365,0.12963167965044833,0.41232618285707595,0.09713299392069538,0.6250072523471161,1.3856632918771148,0.05104391812078497,0.41761142364496207,0.09255219446714046,0.6470313820962168,1.3812913679623064,0.023012642747805775,0.4167747353994784,0.10136441211068825,0.5706891615835872,1.3845030246488612,0.014047655372507826
77,True,The solver successfully reached the end of the integration interval.,834.166162315544,2924.129470873496,0.7011939205615879,0.42474516690481917,0.41793103943185483,0.42494601201375404,0.1123208220055197,0.4780086934446782,1.3984604413770527,0.11807134496486361,0.41937856124934125,0.10825474517240058,0.6542163160959471,1.4059485000128655,0.11776185568467774,0.4209270283125331,0.10088128694392848,0.6681984342476245,1.4004415831950596,0.1180675085060098,0.42114830221722094,0.09985959900268711,0.6550332435582632,1.3961494313160145,0.21897950981761716,0.4207141194081195,0.11158247152575841,0.6642648288675657,1.3982835998055667,0.13052954296065974,0.4068171790731149,0.10256194615846553,0.6670288027281643,1.4147636733476814,0.051022462061229075,0.4161404350341458,0.11127955639911279,0.48658647867165566,1.4623533354533416,0.022919032913473816,0.41793103943185483,0.10811198670291564,0.4115480497873765,1.3660025323743277,0.013995723646494904
78,True,The solver successfully reached the end of the integration interval.,835.6110583480796,3026.254799130998,0.5789454636741682,0.43062867350776013,0.42051347048209803,0.4307492316300303,0.10997441562734808,0.8581496872787944,1.368144758277135,0.11737469762708322,0.4136687531309299,0.10449738573638312,0.6836460728939764,1.3010221352754199,0.11783283047621407,0.40578680555049174,0.10358217172731499,0.7294509091276247,1.3829401855849222,0.11821286380246691,0.4126475605937001,0.10384161348990296,0.5465420129293878,1.3889969929925998,0.21902926475859225,0.4207245640350667,0.07982710085811492,0.6997993526503103,1.429853429818393,0.12947166807079546,0.3978627665361942,0.10792266110338998,0.6773972452606078,1.4310043423766539,0.05111625684513249,0.4291406649271716,0.10656859844604648,0.5285783760306975,1.342738093630997,0.022993155659646013,0.42051347048209803,0.10140217113517841,0.626038721563348,1.4115200200672717,0.013993819393773864
79,True,The solver successfully reached the end of the integration interval.,855.2750813468896,2944.822079221441,0.6421017412533204,0.42697547658335544,0.42985907606065993,0.4271319949971961,0.12884059983339863,0.6115267822735085,1.3323420046740206,0.11797355694556458,0.42180207233088135,0.12238219252800188,0.6563136850732302,1.389460023589346,0.11776835619440497,0.40107247223656695,0.10972323167772473,0.5546021983035326,1.3466500791063953,0.11802611328408284,0.41968440287232045,0.09053553569543993,0.8187593051815906,1.4258343762994123,0.21928206533248404,0.4176469648265056,0.09907936746120419,0.5405053727401324,1.3752957020437135,0.12994793467865817,0.4275602587778694,0.10253323428812217,0.7368622525008407,1.347813225700297,0.05116770948651699,0.4368172227640585,0.09693168702651227,0.7651130685995606,1.3937630778864942,0.022940464509576923,0.42985907606065993,0.11380990240023059,0.6848080254700145,1.4214224965948163,0.013999590793935474
80,True,The solver successfully reached the end of the integration interval.,837.6232950657509,2842.4131239780977,0.7662831618913449,0.42061121426277515,0.4159221729153526,0.4208430636629455,0.1003243891729626,0.3780490893763209,1.4352376008262977,0.11834828957245472,0.4235702683466952,0.1135967786767976,0.7199274279094949,1.3509032679809874,0.11768800613701874,0.41394542985007465,0.09745335599275423,0.6924734330273704,1.3834902297597547,0.1181231427692416,0.4233566346633425,0.11417057897983122,0.614781810769551,1.38240517716661,0.2189086014428333,0.4156178513685993,0.10028269357947019,0.6214165415082332,1.4261127653904564,0.1301332632375919,0.42662427716877416,0.10745651324019632,0.8259340096659398,1.3232734740929175,0.05118086381086065,0.4155891732308565,0.12063384259014796,0.43359437825959185,1.3806397412753677,0.022920179410518927,0.4159221729153526,0.10023379077250616,0.5756443439424114,1.4284359979128907,0.013973382157805017
81,True,The solver successfully reached the end of the integration interval.,842.1627781467165,3078.8023291827585,0.5223352979432866,0.4180402469469135,0.42396072109074434,0.41815230888388516,0.11889493513809889,0.8556107569349608,1.3627740444880503,0.11805582500499771,0.4246108697773923,0.11312742196259251,0.6747948714985479,1.386045184627397,0.11788852841055711,0.42076676130484203,0.1048935088380387,0.3812843236696402,1.415874727037416,0.11803183447195145,0.4215760898532787,0.1069909036861682,0.5597867504659936,1.3478478887485565,0.21817323190205815,0.4175502802843504,0.1140149893153055,0.6927730982330529,1.3382941452387662,0.1296471003373602,0.40817372347015385,0.10711220187902896,0.8941447995503775,1.4091901755951863,0.05079805917225884,0.4276993792875224,0.09761589769493921,0.6840045711759737,1.475800896947806,0.023006709179913303,0.42396072109074434,0.10444733973682502,0.4432333685352675,1.3694822963194027,0.014065822320048249
82,True,The solver successfully reached the end of the integration interval.,841.4849414022826,2934.27137120143,0.6733072575022415,0.4414847666440054,0.42528462278830753,0.4416591930834723,0.11865385660465856,0.6098698610846951,1.3692454550403776,0.1177120598653411,0.41977749632398675,0.10908903808766897,0.6030256751347169,1.3058677380485029,0.11840915825182939,0.4302595742281582,0.105844279524886,0.6337955047384759,1.3331237587375115,0.11819107391381019,0.4224772371285542,0.10858546710142619,0.5510593012553365,1.3969358600114852,0.21904500247202907,0.42616565304575016,0.10775220452670702,0.7978750873579028,1.3552334673048976,0.1300866618225613,0.4002881882176202,0.10298779153807941,0.7108017705286922,1.4197382754127699,0.05106048772891664,0.41499585436158315,0.10679843305616228,0.48727616984589806,1.3626079914569404,0.02303659581579533,0.42528462278830753,0.10492817092263801,0.8262084236933451,1.424950614617878,0.013951263928841924
83,True,The solver successfully reached the end of the integration interval.,844.9999959693032,3074.2627978100463,0.5290312631683262,0.41932067415966257,0.42681881733555393,0.41944668391040535,0.10900164362952011,0.8073432233477624,1.3640649202441044,0.11838461569893186,0.42240798728417767,0.10930508538327414,0.8293896737314402,1.4006483532408647,0.11773757182548147,0.41889964233134236,0.10030135336647748,0.6363966664814512,1.3898372155435306,0.11816633708365983,0.4025560576668338,0.10185667832069537,0.7629909937769894,1.3930027390201574,0.219658697523054,0.43910332828138265,0.10059616620009118,0.5543576229075311,1.4013702069643517,0.130016262018042,0.4020027106192402,0.12079047616180319,0.5623424484804757,1.4154396820842945,0.050994785039281766,0.43631911336401,0.10406641946084541,0.694717900060675,1.4676251209884292,0.023008203217635942,0.42681881733555393,0.11182417108438837,0.5343274426037894,1.4640291555744227,0.013982987237370861
84,True,The solver successfully reached the end of the integration interval.,852.4344813310246,2789.019253694228,0.7978761538112664,0.4254655424378016,0.43500543996851226,0.4256219530418978,0.09075247990919551,0.7204681341594038,1.3731854136554693,0.1177100226370667,0.43371774952975695,0.11446947613737965,0.8195941552587724,1.3446332285440437,0.11812317213909954,0.42444240993502014,0.09594196859924227,0.9470294364476822,1.4240497880535146,0.11814375703855408,0.41935012450586223,0.10085154897310156,0.6704822585003893,1.4370427012923026,0.21904330625844046,0.4127024282742532,0.11792140929180638,0.5399013151427436,1.3435858568328685,0.12986922236395193,0.402215974661587,0.11263562768300225,0.7841585266295853,1.4016755401444485,0.0507718291957107,0.43427735174550147,0.11346505295527676,0.6433357879370487,1.480881080217192,0.022935486061425103,0.43500543996851226,0.10001007285372905,0.628033984503334,1.488714959029514,0.013971228823207863
85,True,The solver successfully reached the end of the integration interval.,851.6790623079734,2998.5014962108535,0.6072599189889807,0.4372120676049654,0.42931089384099397,0.4373825902416654,0.10816878779232086,0.6235919546635518,1.3372920880638886,0.1178811713101441,0.4295767682593583,0.1176030401084382,0.8484690270296934,1.329721927837574,0.11820955684248186,0.408768260759566,0.10789081621110731,0.5498693274836565,1.3694103270867675,0.11779297427567896,0.42169903398799813,0.10691413331925645,0.7283623396294903,1.4149112667941393,0.21884419422883217,0.42134892749074626,0.10253015699104175,0.6311329613357423,1.401269960586198,0.13037932361271698,0.4187816222106358,0.09921535551913264,0.8120312291445966,1.3459421527083206,0.05096887645504943,0.423350234941995,0.09304222591054398,0.6211632288285234,1.3321261859920561,0.02300576861886796,0.42931089384099397,0.10659829165580245,0.391362743860151,1.3671261399787482,0.014007503283661328
86,True,The solver successfully reached the end of the integration interval.,833.6125542938827,3026.6441663102714,0.574653695387352,0.4141865644767363,0.4178540192256877,0.4143329785730468,0.11825405044890218,0.704713693134335,1.4088095701491263,0.11785961243996632,0.43651738367914267,0.09746084886192506,0.7322430141992924,1.3674735833958533,0.11772582150818892,0.41598785046882214,0.10217988835246229,0.8197163275872243,1.3627388643834875,0.11819790005007125,0.40719342637745515,0.11539207260011923,0.7898130824306576,1.447673381888448,0.21883983568334606,0.4009301785156772,0.1026761530093931,0.5837505166468135,1.4426105302884964,0.12963159677526886,0.4132250392670633,0.10659868745218308,0.7374883444990252,1.4854986814301432,0.05110571031179363,0.42351788380691663,0.08974815107685119,0.7380700252179672,1.460288471948063,0.02298996062429441,0.4178540192256877,0.10368331511421855,0.7054868684698008,1.3655764601795704,0.01401604310479482
87,True,The solver successfully reached the end of the integration interval.,855.9472957331026,2856.241186058374,0.7505398565136414,0.42969788885447874,0.43342309777946314,0.4298505818256738,0.11419918500626662,0.7008495175938396,1.381025772889941,0.1180863747587389,0.4257619210761383,0.11192743876415065,0.7255579105317517,1.2939745771324362,0.11796541506986705,0.4308745336512754,0.10322747229588557,0.5703717350725435,1.4277627149050331,0.11772857282502876,0.4160185097116582,0.10060774381883499,0.5739190046077245,1.3832509522318228,0.22010385341041225,0.4216021654808985,0.1108583782924541,0.4589494700045623,1.447142626214118,0.1294203748346041,0.42179469850283824,0.09571581948313361,0.5619631424109832,1.4124947959749927,0.05108792830908291,0.4286023458871072,0.10107186164011564,0.5734167863425708,1.3879355756104916,0.022959669642274815,0.43342309777946314,0.09755907345610912,0.6214864823104018,1.4198715935853898,0.013974670199944203
88,True,The solver successfully reached the end of the integration interval.,844.0268564617587,2790.6011686906013,0.7780462775396825,0.43079763285237127,0.4179369660730691,0.4309618255635776,0.11505264089200862,0.6410527475773116,1.3719039813250957,0.11804723334737988,0.4334682056913977,0.11778209531615988,0.4834019440921364,1.4460459577016387,0.1179017220959907,0.4218790174973271,0.10195079169571916,0.6508133244866153,1.373491849521623,0.1181165418123336,0.4289851893040688,0.11762832129827776,0.6795236898925895,1.383984681492364,0.21901512615338967,0.4195650822819164,0.10085270727407557,0.5182625485636988,1.34963568268281,0.1303062243607746,0.40723157401350907,0.09548321566300344,0.6120153598716234,1.41588235555256,0.05096621565756579,0.4363611749453144,0.10141213270089215,0.6940876377515593,1.472082091328552,0.022971119729784092,0.4179369660730691,0.1084332415865717,0.6028672359108875,1.4036739876799325,0.0139749244587025
89,True,The solver successfully reached the end of the integration interval.,854.0802338829062,2905.9290541727933,0.6935589745151569,0.4331846741089307,0.43598663065380555,0.43332541848986117,0.1250812567116143,0.6980163913147223,1.3134862290857732,0.11810058657496152,0.42118033057138937,0.09616378870547329,0.7390067634443123,1.3669498126952027,0.11813070962967355,0.4306464607182308,0.10194163451744356,0.6249845569699601,1.365505993229668,0.11795666932887099,0.42228323851477384,0.1135137162432246,0.4815988815421205,1.3371608378430078,0.21863401931244741,0.4169873786858713,0.12947713313806622,0.6562095592336036,1.4492970592122114,0.13066213593580694,0.4129690529329388,0.10637812810954168,0.7276787647465532,1.4159792889316525,0.05095814308288379,0.4234214016777882,0.10200928686864733,0.49600897717151077,1.4034879115388952,0.022906112558896595,0.43598663065380555,0.09932735051502245,0.43389286437272745,1.365219107040129,0.013969920607468118
90,True,The solver successfully reached the end of the integration interval.,835.6588620866125,2957.7493055052455,0.6124832469583155,0.42631382411273744,0.412461492579466,0.42646580425024333,0.11212237302969755,0.7200448653723187,1.4063479863267796,0.11795512454906634,0.43753123291585305,0.11980903877103809,0.6059313690665232,1.3157690560920676,0.11779488013882096,0.4180906685932427,0.10455976105332948,0.5412070835092896,1.3546010916967586,0.11775544744318635,0.4239738373057627,0.11338913226561773,0.535867373360977,1.3938110488867024,0.2188162670340294,0.4006098009457798,0.10162590547747095,0.8130160042095429,1.3917901414235996,0.12955430220358258,0.40762810525485615,0.0889070929122431,0.5517773524105218,1.4290713631320038,0.05088205029578608,0.43516834219779277,0.11346101612714987,0.8469640924718593,1.3854834767383215,0.022964816956247837,0.412461492579466,0.11383604843055768,0.7194476003463478,1.3794261678878839,0.013989866111193907
91,True,The solver successfully reached the end of the integration interval.,847.7066086929409,3018.2126795063186,0.5960105068185189,0.42191127378676674,0.42595534393716744,0.4220710097336269,0.10934554491800735,0.6701565509718765,1.3957023303055178,0.11812747563024065,0.422638328201668,0.11001336232489747,0.7846524280971976,1.3528469711803333,0.11808632933092557,0.42167487093544986,0.09243541485065598,0.6155779966167443,1.4469993126115726,0.1179548082455582,0.42980041626408755,0.10224413542756165,0.5755829101326744,1.4122001726487279,0.21883169281578366,0.42161155814761897,0.10977213778312477,0.5120146059475946,1.3324888522554854,0.12986325398619544,0.41580640143932446,0.11107394775569625,0.5513364785902145,1.3558752372653853,0.050994184654304976,0.4257879583436646,0.11296520888458164,0.5262536670249004,1.4197889999254198,0.02298889554348614,0.42595534393716744,0.10426766853872817,0.7173567646835936,1.4600661785094657,0.01400676914540915
92,True,The solver successfully reached the end of the integration interval.,831.388139965444,2993.2898233149463,0.6001199403040862,0.43223755513726053,0.4053922217384934,0.4323917107155435,0.10908008840944783,0.7383390032518298,1.4161687446463092,0.11833113701139343,0.42790723808022063,0.09783027706708172,0.7318962522649173,1.3475035986721289,0.11762487883026472,0.41318210659567256,0.10088759198789986,0.6185148971524428,1.3926137335932627,0.11765151662685941,0.4287872936059244,0.10081048755113593,0.5159346585305284,1.3567773864766488,0.21840279205143162,0.43582633504824975,0.11755862802946931,0.4633434329357566,1.387820190904943,0.12923898314708698,0.41803822382743955,0.09168932504158893,0.8560041827499439,1.4085218149233858,0.051043301686657036,0.4121111077355055,0.08755065839381476,0.7331300087153744,1.3823429037446904,0.023011313424487412,0.4053922217384934,0.09830132203596618,0.44989134309767864,1.367575401939995,0.013912973820052773
93,True,The solver successfully reached the end of the integration interval.,845.8285964487043,3024.4975707288604,0.6174749303376459,0.4053449082299784,0.42596309816088157,0.4054630240700467,0.10156330637429316,0.8479175114683821,1.3797054803383308,0.11787086749391198,0.4325253822273961,0.10629670238622616,0.671322025152582,1.344067621881134,0.1179261421112265,0.4045712071346462,0.10199103802938451,0.6740551903185157,1.39882169090863,0.11852876297153607,0.4206606944509137,0.10019212964460103,0.6141461621536882,1.4318419063057506,0.21915907963757086,0.43202867993051935,0.11132755564788976,0.4984408439859897,1.406742811439098,0.13075330653171283,0.4159642553573337,0.09806299440222127,0.7451053845662975,1.3798216111168544,0.05113859547692086,0.42543586601567324,0.09480674446746704,0.5960409613833922,1.4128893139873742,0.023037637496049715,0.42596309816088157,0.10907699650613373,0.6643851251777567,1.3797956721722788,0.013999536751399935
94,True,The solver successfully reached the end of the integration interval.,844.737993729392,2972.2679179664287,0.6493153878896496,0.42039619689885366,0.41355842432653506,0.4205370597889554,0.11139078746502473,0.7156604826457389,1.341194874512096,0.1177343335985765,0.42242749280327346,0.10955170151016506,0.7660741960650258,1.404179727686534,0.117941835559915,0.43350470115697737,0.09544307120696158,0.6572246048226332,1.3795974704378164,0.11817554064140809,0.42679235709440655,0.11325784309146128,0.5416424447248537,1.4360655254858243,0.21848270467376785,0.42481107435586074,0.10034230184396564,0.5264265401858341,1.4105680221362003,0.13027529710025182,0.4252227579785541,0.11089038137807575,0.7210033628215141,1.375425373651388,0.050910127064006404,0.43886747011448657,0.1022593992279254,0.6754465221548451,1.4086228530604683,0.022988532477682844,0.41355842432653506,0.1171602766061468,0.5244205966334232,1.3413935205653655,0.013993432319215524
95,True,The solver successfully reached the end of the integration interval.,840.9681383909087,2936.112773460618,0.6631411055368335,0.4313783975697812,0.4080408891436895,0.4315495317271997,0.11396585330436075,0.600250594003292,1.3490824650140893,0.11823711655352953,0.42980541940394257,0.116632401424652,0.6865445540486699,1.3870119270262364,0.1184561922293804,0.4101096023442892,0.11244250052832398,0.6321275721378554,1.405742396992921,0.11815495596686644,0.4308646638589502,0.09404037275092156,0.5343067847288203,1.3221741407364336,0.21956612054390023,0.43284598211260567,0.10981415032011484,0.5282424932942615,1.4049714628032821,0.1295277217097581,0.42326046246963395,0.10576533149892464,0.6207196347035293,1.3331161375597536,0.05086830505891744,0.4320865281365498,0.10884569322191257,0.5389126777767264,1.3661087847753963,0.02298364076935341,0.4080408891436895,0.10494611670649699,0.4794503352233556,1.408848136753965,0.013998536781566958
96,True,The solver successfully reached the end of the integration interval.,851.4049815549085,2960.9568032767984,0.651561682563413,0.43908673301163204,0.42856918330261595,0.43927247789571633,0.11344342331915118,0.6020327272515837,1.428828180344138,0.11810864429945045,0.4120597208207549,0.10618709661401728,0.6881544120355709,1.426180101466281,0.11776939240650107,0.42673162332372544,0.09886993390771796,0.6283656692428091,1.399576314864957,0.1178869283900881,0.42671057155248393,0.10175853599753613,0.5991124752370678,1.3908070475905472,0.21826039848653353,0.4090944656713608,0.11380350226403069,0.48184227714665906,1.3544378864302427,0.12957756231808182,0.42927085228096895,0.09800717268081453,0.5848536350310548,1.3838826400921007,0.05093000674304473,0.42070209690579063,0.10224247796527867,0.5229277960517343,1.3458735166485545,0.022961273950495235,0.42856918330261595,0.10601898106547959,0.8408549301705265,1.3846279161114259,0.014010738939299525
97,True,The solver successfully reached the end of the integration interval.,845.8192979569454,3003.216254672855,0.5876919054135936,0.4381390922607921,0.4232282332284794,0.43831501113389715,0.10576150571633802,0.6717623896925445,1.437114605847986,0.11811833570871005,0.43435609480388476,0.11242271639047353,0.5612279875364408,1.436625298162244,0.11765918254650728,0.43312479544638327,0.10673318022450864,0.717958026354605,1.3201588995739086,0.11782395635254965,0.42028935086540925,0.10932635730196312,0.6587607490944156,1.4013981352045035,0.21905096623851317,0.4292197307823282,0.10733215708820112,0.7376811280483254,1.4136378788097514,0.13004817612716033,0.41027899379257193,0.11787197054502659,0.5276060830804132,1.361850422392189,0.0511626701312345,0.4200254947093135,0.10586354247367402,0.5739800095612347,1.4268095232989475,0.022963756721743018,0.4232282332284794,0.1006677944545461,0.7155769705323407,1.3845763231920265,0.01401308479601726
98,False,Required step size is less than spacing between numbers.,826.5965205242379,2097.73803662353,0.6743042444966225,0.4150387983963505,0.4170814605492025,0.4216838951572465,0.12337619272389602,0.6836668840996425,1.2952242114135653,0.11782460628666018,0.43092974712449805,0.10376720337485493,0.5910251782681464,1.370946862805356,0.11781140467346324,0.40899593924337513,0.11114632893070127,0.6036878586123801,1.3844978603566516,0.11802006027980123,0.4087336237339904,0.1056673797117858,0.5853927611193853,1.392701409029322,0.21831396748242762,0.4177458533980442,0.1046568234106813,0.8272051801479602,1.3578513388417308,0.13012707479819827,0.4117342741180614,0.10420265232791573,0.539832760512662,1.4056007035866018,0.050966432555600016,0.4285330023728309,0.1069452572770782,0.7427068237995907,1.359021088353859,0.02294972149521448,0.4170814605492025,0.10882827470276307,0.5546422213210551,1.399939997431092,0.014020925829514776
99,True,The solver successfully reached the end of the integration interval.,840.5748419101773,2890.8150463047136,0.718364689119602,0.4320522872623449,0.4301558262019205,0.43225456257545125,0.10721316011789586,0.4931719329579784,1.3699979985406752,0.11837057142595037,0.43760605593651164,0.11560730416925506,0.7362547736230013,1.3557029296046312,0.11858273962716469,0.41971699177378846,0.10994036023638054,0.8143234413998844,1.436133547713726,0.11804923448285833,0.42254136484846533,0.11578774591420521,0.6606365309611099,1.366926798200868,0.2195034526414039,0.4104688137933898,0.10157561924524929,0.7127641187542141,1.3799810066111973,0.1295295914737275,0.3995442685844595,0.09560697581973528,0.7927119971026285,1.3986057617775307,0.05114995457545496,0.4056733597060635,0.11649776251472362,0.6235129712382894,1.4088866572643084,0.022960244158128796,0.4301558262019205,0.10348802401307108,0.5729883838040436,1.410999239605503,0.013982021499038027
